at,content
2024-11-19 02:12:16,Tolong lah ya sekelas AHM masa servernya berat banget
2024-10-24 09:41:05,"Ketika lupa password dan sudah direset tidak bisa dipake padahal sudah benar, untuk para IT tolong perbaiki terkait algoritmanya mungkin ada kesalahan saat penyimpanan data tidak terupdate atau mungkin ini menggunakan ssg yang harus diredeploy"
2024-10-16 14:15:09,Mantap
2024-10-03 06:48:00,Password gagal diperbaharui -_-
2024-09-26 11:08:16,Tolong dong jangan dikitÂ² logout. Ganti pasword awal mulu. Kerjaan kami banyak. Profesional dikit lah.
2024-09-23 09:37:37,"gimana ini developer nya sih mau ganti password aja susah amat, kalo ngga bisa ngurus apk mending tanya tuh ama anak"" smk udah banyak yang komplen masih aja ngga di urus"
2024-09-17 06:00:06,"Gajelas pw bener tapi salah katanya, coba lupa pw ttep gabisa, ampas"
2024-09-11 09:27:31,apik
2024-09-11 07:34:45,"Oi,,, GA BISA DI BUAK NIH, RIBET BANGET PAKE APKLIKASI NYA, MAKIN KESINI MAKIN RIBET NI APLIKASI"
2024-09-07 12:46:33,Ini IT sekelas AHM bikin apk aja berantakan.. Nyusahin...
2024-09-02 23:54:15,"Kacau...karyawan dibatasin bw HP,tp semua dipaksa lwt online..mau ngirit budget tp nyusahin karyawan..mana aplikasi lemot,sering error..ribet bener"
2024-08-22 02:53:40,Baguss
2024-08-07 02:39:52,Sangat membantu
2024-08-02 15:41:22,Sangat membantu pekerjaan sehari-hari.
2024-08-01 13:22:55,Proses kpsm sangat lambat!
2024-07-30 16:17:36,"Sudah ganti password 2 hari yang lalu, mau log in lagi malah salah password. Padahal password udh otomatis dan di save di google. Pake password yg aslinya ga bisa juga. Klik ganti password, malah keluar keterangan pengisiin salah. Apakah lg maintenance atau lg error aplikasinya?"
2024-07-30 10:37:19,"Eror terus buang 2 kuota g bisa login Bu,buang2 Waktu"
2024-07-30 03:59:45,Kenapa jadi salah username dan password tidak bisa masuk padahal username dan password sudah benar...
2024-07-08 05:44:24,"Memudahkan kontrol absen, sisa cuti, registrasi MCU dan lainnya."
2024-06-07 01:05:02,Mantappp tappp markataappp
2024-05-31 06:29:57,Semoga di tingkatkan lagi aplikasi nya
2024-05-30 01:37:08,Tidak berguna
2024-05-18 02:56:25,"Sering eror, mungkin bisa lebih di perbaiki"
2024-05-10 15:12:01,Susah banget buat update
2024-03-21 07:07:38,"sering ga bisa login tau tau log out sendiri ,"
2024-03-21 04:25:27,"ngga bisa masuk ,padahal kata sandi sudah tereset ulang ,tetep ngga bisa masuk"
2024-03-17 23:55:35,Diupdate malah ga bisa masuk pake username/pin....parahğŸ¤¬ğŸ¤¬ğŸ¤¬ğŸ¤¬ğŸ¤¬ğŸ˜¡ğŸ˜¡ğŸ˜¡ğŸ˜¡ğŸ˜¡ğŸ˜¡ğŸ˜¡ğŸ˜¡ğŸ˜¡ğŸ˜¡ğŸ˜¡ğŸ˜¡ğŸ˜¡ğŸ˜¡ğŸ˜¡ğŸ¤¬ğŸ˜¡ğŸ¤¬ğŸ˜¡ğŸ¤¬ğŸ˜¡ğŸ¤¬ğŸ˜¡ğŸ¤¬ğŸ˜¡ğŸ¤¬ğŸ˜¡ğŸ˜¡ğŸ¤¬ğŸ¤¬ğŸ˜¡ğŸ˜¡ğŸ¤¬ğŸ˜¡ğŸ¤¬ğŸ˜¡ğŸ¤¬ğŸ˜¡ğŸ¤¬ğŸ˜¡ğŸ¤¬ğŸ˜¡ğŸ¤¬ğŸ˜¡ğŸ¤¬ğŸ˜¡ğŸ¤¬ğŸ˜¡ğŸ¤¬ğŸ˜¡ğŸ¤¬ğŸ˜¡ğŸ¤¬ğŸ˜¡ğŸ¤¬ğŸ˜¡ğŸ¤¬ğŸ˜¡ğŸ¤¬ğŸ˜¡ğŸ¤¬ğŸ˜¡ğŸ¤¬ğŸ˜¡ğŸ¤¬ğŸ˜¡ğŸ¤¬ğŸ˜¡ğŸ¤¬ğŸ˜¡ğŸ¤¬ğŸ˜¡ğŸ¤¬ğŸ˜¡ğŸ¤¬ğŸ˜¡ğŸ¤¬ğŸ˜¡ğŸ¤¬ğŸ˜¡ğŸ˜¡ğŸ¤¬ğŸ˜¡ğŸ¤¬ğŸ˜¡ğŸ¤¬ğŸ˜¡ğŸ¤¬ğŸ˜¡ğŸ˜¡ğŸ¤¬ğŸ˜¡ğŸ¤¬ğŸ˜¡ğŸ¤¬ğŸ˜¡ğŸ¤¬ğŸ˜¡ğŸ¤¬ğŸ˜¡ğŸ¤¬ğŸ˜¡ğŸ¤¬ğŸ˜¡ğŸ¤¬ğŸ˜¡ğŸ¤¬ğŸ˜¡ğŸ¤¬ğŸ˜¡ğŸ¤¬ğŸ˜¡ğŸ¤¬ğŸ˜¡ğŸ¤¬
2024-03-12 05:20:50,"Untuk kalender digitalnya tolong disesuaikan,sudah 2024 kok di aplikasi masih 2023"
2024-03-09 01:34:13,Error user sm pass udah bener gabisa masuk tolong lah diperbaiki lagi tim IT
2024-03-08 08:36:08,"Stiap berangkat absen perasaan ga pernah telat berangkat awal mulu,, ini di aplikasi kenapa jadi telat mulu... Jadi males asli. Woi benerin ngapa benerin"
2024-03-07 10:52:26,slip gaji bulan februari mana?? ayolah keluarkan ahem ahem
2024-03-02 07:14:57,delay cuy
2024-03-01 09:01:35,"Unit baru turun semalam,udah bermasalah. bagaimana ini? Memang tidak ada quality control nya atau gimana sih? Bisa bisanya perusahaan besar kecolongan begini. Unit beat deluxe"
2024-03-01 00:45:48,"login b2e bisaa ,login ahm mobilee ,terjadi kesalahan truss g bisaloginn..., udh diuptade juga tetep g bisaaa"
2024-02-29 05:32:12,"Aplikasinya sangat membantu,membantu menambah emosi"
2024-02-28 05:22:18,"Maaf,cara login lupa pasword bagaimana caranya.."
2024-02-01 17:25:07,Mulai lemot euy..... Harus instal ulang dulu setiap kali dibuka makin ancur
2024-01-30 04:29:33,Muter muter terus kaya gangsing aja
2024-01-19 23:09:21,Okeee
2024-01-18 11:15:45,PERBAIKI FITUR BIAR LEBIH SATSETTTT
2024-01-09 18:47:37,"Aplikasinya sangat buruk,masa iya perusahaan sekelas astra,tapi aplikasinya gini?? Udah beberapa hari ga bisa di akses ."
2024-01-04 12:54:39,Mantan ahm apk pler
2023-11-28 10:05:11,"Alhamdulillah apknya berjalan dengan lancar, Semoga makin sukses terus untuk Astra honda Motor."
2023-11-14 12:58:00,Banyak bug
2023-11-04 12:55:46,Tingkatin lagi fiturnya min masa bikin inovasi harus lewat web gk bisa langsung lewat aplikasi
2023-10-31 14:21:17,ini AHM yang jual sepeda lipat berbahan bakar bensin itu ya??
2023-10-11 06:37:52,"Rangka ayam geprek(eshaf), slebor miring, plastik tipis"
2023-09-10 15:51:19,Aplikasiy kurang
2023-09-06 16:25:04,"Honda kualitasnya nggak kayak yang dulu lagi. Kerangka esaf yang gampang keropos lah, spakbor belakang yang miring, crankcase PCX yang gampang jebol, dan masih banyak lagi. Mending masih pakai motor pabrikan Yamaha atau Suzuki"
2023-08-28 16:08:31,Rangka Keropos + Fitur Lipat nya Apa Masih Ada ?
2023-08-24 17:13:22,Motor Honda ya motor lipat
2023-08-21 22:21:06,Woke
2023-08-06 02:26:40,Bukan aplikasinya kurang bagus atau lambat
2023-08-01 11:51:42,Percuma hp kaga boleh masuk pabrik... Mohon maaf Balik lagi ke b2e saja
2023-07-28 15:33:02,Uninstal bikin aturan kok sepihak
2023-07-28 04:30:31,Sering eror
2023-07-27 13:34:58,Mulai ada kecerahan semoga lebih bermanfaat.
2023-07-27 11:06:11,"Semua serba digital tapi hp gk boleh masuk,ada tikus dalem rumah yang di bakar rumah nya ya"
2023-07-26 11:19:35,Don
2023-07-26 10:50:56,Lambat lemot
2023-07-26 10:01:42,"Aplikasi gk guna,, hapus aja?! Ngapain bikin aplikasi tp karyawan tdk boleh bawa HP Buat apa aplikasi dibuat klo jaman digitalisasi HP saja gk boleh di bawa, percuma"
2023-07-26 06:59:05,"Aplikasi unfaedah,,"
2023-07-26 05:22:32,Merusak perangkat atau data
2023-07-26 04:44:22,Aplikasi untuk era digitalisasi sekarang karyawan balik ke zaman nokia sms dan telepon... Bye
2023-07-12 20:28:25,Semoga bisa jadi kartap NRP 82783
2023-06-28 02:03:03,Aplikasi kurang efisien kebanyakan update
2023-06-27 14:07:48,E payslip bulan mei dan juni belum ada padahal punya teman udah ada
2023-06-25 14:29:43,TOLONG BUAT TIM IT YG BENER LAH LOGIN AJA GABISA
2023-06-20 11:19:44,Cara masuknya gmn kok langsung login?? Aku pengguna baru
2023-05-09 11:45:40,Ok
2023-05-08 23:55:11,"Sangat sulit untuk log in,padahal tiap hari harus ngecek absensi"
2023-05-08 04:43:55,Sering error...aplikasi nya
2023-05-05 14:02:55,Buruk sekali error ketika log in
2023-05-03 11:43:22,Menyebalkan ohhhhhhhhh nooooooooooo
2023-05-01 00:09:21,Susah login walaupun sinyal Ok. Tolong diperbaiki agar lebih baik lagi!!!
2023-04-30 23:29:43,Biasa
2023-04-28 07:05:12,Sering error
2023-04-27 04:46:18,"Keseringan susah login,payah"
2023-04-09 15:25:57,"Susah login, setiap mao buka error terus.. Masa' setiap mao gunakan aplikasi mesti hapus dan install ulang Cuma gara"" sinyal lg lemah, akun di blokir Bingung dengan aplikasi ini, setiap buka aplikasi ini sinyal langsung lemah padahal udah pakai wifi juga"
2023-04-05 00:03:40,"Susah login,eror terus"
2023-04-03 14:34:06,Sangat buruk brayyyy
2023-03-21 15:02:51,Kalender belum update
2023-03-18 17:00:11,Tolong team IT kerjanya jangan terlalu santai kerja yang bener. Udah 1 bulan ga bener2. Ada keluhan dari karyawan udah komplain ke HRD mengenai scan in/out waktu OT ga kebaca di ahm mobile maupun b2e. Anehnya hari reguler terbaca sekali tap di reader datanya masuk ke ahm mobile/b2e. Di kasih waktu sebulan ngapain aja. Ini namanya dzolim
2023-03-17 12:11:05,Tolong Kalender di update sesuai tahun !
2023-03-13 23:42:11,ğŸ‘
2023-03-12 10:22:57,"Masih sering terjadi error pada reader,scan in oke keluar nama tp di aplikasi tidak tercata alia TA,coba buat IT nya agar setiap kali scan terdapat notifikasi scan in atau scan out,aplikasi d buat permudah jgn d persulit ketika tfk terbaca di reader/aplikasi,masa IT astra gak bisa buat notifikasi scan in/out,atau hanya jebakan batman?"
2023-03-12 06:47:36,"Aplikasi nya tolong di optimalkan lagi,, masa iya ngga bisa log in bae"
2023-03-11 16:31:18,Gajelas
2023-03-08 23:48:16,Aplikasi sering berhenti sendiri
2023-02-26 08:24:41,ğŸ’™
2023-02-24 10:32:35,Keren
2023-02-14 13:02:15,"sangat bermanfaat dan berguna, keren"
2023-02-08 11:23:38,"Mohon di perbaiki lagi, sering eror dan update"
2023-01-25 12:19:29,Sering logout sendiri
2023-01-25 09:27:34,Mau download BPKB ko ga bisa2 ya.
2023-01-13 12:50:30,Ok
2023-01-12 13:18:52,Update itu kalender yang ada di AHM mobile. Masa masih tahun 2022. Ayoo bantu kasih tau tgl merah dan cutinya
2022-11-29 17:43:05,Tolong terus di perbaiki agar karyawan muadah aksesnya
2022-09-26 05:14:54,"Harus lebih ditingkatkan lagi untuk kenyamanan karyawan, terimakasih!"
2022-09-17 02:29:58,Aplikasi nya kok bahasa inggris ya. Ini buat karyawan AHM di Indonesia kan?? Apa ga sebaiknya dlm bhs indonesia aja
2022-09-05 07:59:36,Tolong terus diperbaiki agak karyawan lebih mudah mengakses aplikasi ini. TERIMAKASIH
2022-09-01 14:23:53,Mau update data keluarga krn nambah anak 1 knp jd data anak yg lama yg berubah. Hadooh... resign ajalah
2022-08-31 06:17:49,I love ahm
2022-08-17 15:05:31,Kunaon kok teu tiasa masuk akun na???
2022-07-21 07:47:56,Terlalu sering update
2022-07-12 23:09:32,Kode Otp g masuk2 swaktu mau edit data
2022-07-11 01:02:04,Ini apk apaan sih banyak kendala males banget Dikit dikit error Dikit dikit susah login
2022-07-02 01:03:32,Semoga kedepannya lebih baik lagi Salam satu hati
2022-06-23 19:48:17,Update terus bestie. Baru mau pake udh suruh update.
2022-06-21 06:48:00,Josss
2022-06-20 09:11:14,Ok
2022-06-20 02:52:53,BUG...EROR Sudah 2 Pekan
2022-06-20 01:34:32,Sekelas ASTRA loh bikin aplikasi kaya gini ğŸ‘
2022-06-19 22:33:56,"Sudah beberapa hari tidak dapat login,, terjadi kesalahan mulu, tolong perbaiki"
2022-06-19 15:34:20,Aplikasi tidak bisa dibuka
2022-06-19 11:56:37,IT ne turu. Gaji gede kerjo ne MINES. Seminggu apk gaiso dilogin
2022-06-18 12:31:44,GG banget
2022-06-18 02:47:40,bikin tengsin ni aplikasi mau pake evoucher eeh malah gk bisa di buka aplikasinya payahğŸ‘ğŸ‘ğŸ‘ğŸ‘ğŸ‘
2022-06-17 14:08:34,Eror terus karna wajib aja jadi pake
2022-06-17 11:02:07,nyenyenye
2022-06-17 10:58:40,"Masa download payslip kaga bisa,, kalo ga server penuh force close.. tolong diperbaiki."
2022-06-16 16:13:30,"Sangat kecewa, semingguan ngk bisa log in setelah disuruh log out berkala. Tolong segeralah diperbaiki. Terima kasih"
2022-06-16 07:25:48,Sumpah Apk samvah.
2022-06-16 02:17:06,Mantaf aplikasinya Karna sy karyawan di sana....ğŸ˜… Tapi suka lemot ni apk ... Hadooh...
2022-06-15 08:58:35,"Tolong lah ga bisa login ni, update Mulu malah ampas"
2022-06-14 06:44:44,"Nggk bisa login mulu padahal, hps Apk nya trs nginstall lagi ttp nggak bisa login"
2022-06-13 16:39:10,Tolong login di perbaiki server nya min Ngaco
2022-06-13 14:59:52,"problem yang ada, tidak di tindak lanjuti ?"
2022-06-13 11:54:46,Ok
2022-06-13 07:07:29,Susah login
2022-06-13 03:04:56,knp g bisa login ni aplikasi g niat bikinnya p? pabrik sekelas astra bikin aplikasi abal2 gini malu2un aja
2022-06-13 02:55:35,Jelek
2022-06-13 02:45:01,Sering eror
2022-06-07 22:50:42,"Setelah logout error,,,harus uninstal,, trus download lg...begitu terusss.sudah kesekian kalinya..."
2022-06-04 05:31:28,Aplikasii kagak danta
2022-06-01 23:43:28,Server sering penuh
2022-05-30 04:03:33,Aplikasinya semakin susah diakses...
2022-05-29 14:34:35,Susah login
2022-05-26 23:29:54,Sering error.
2022-05-24 23:01:26,Ga bagus.
2022-05-24 11:53:58,Ajiiib pokoke
2022-05-24 10:27:28,Yang bikin apl lihat ulasan nggak pren?? Makin lama makin ngawur. Update terus tapi isinya sama. Tambah lemott iya!ğŸ‘
2022-05-24 09:10:40,Ok
2022-05-24 04:40:27,Aplikasi keren ini mah
2022-05-24 01:57:29,Cek menu di ahm mobil cepat update
2022-05-24 00:46:28,Update mulu..
2022-05-24 00:04:11,"Lemot,aplikasi sangat buruk"
2022-05-23 23:51:46,Mhn diperbaiki di saat load server penuh agar ttp dpt diakses
2022-05-23 23:23:00,Perbaiki apa yg udh dikeluhkan
2022-05-23 17:46:52,ğŸ‡
2022-05-23 17:05:27,update terosssss
2022-05-23 16:25:43,Sangat membantu dlm beraktivitas
2022-05-23 15:27:37,error mulu lemah
2022-05-23 13:16:53,abis di update malah g bisa masuk... kelasahn pengguna external 00013... gitu mulu min... gmn ini mu laporan
2022-05-23 13:14:05,Server lemot saat banyak pengguna yg masuk
2022-05-23 10:39:49,Gk mau banyak komen lah..khawatir ada mata2nya AHM
2022-05-22 11:38:49,sesuai kebutuhan
2022-05-21 13:39:23,"G bisa login saat di butuhkan, sering server error / penuh jadi g bisa msk. Sebagai developer tolonglah pengguna aplikasi ini bnyak jangan semuanya di tumpuk di satu server , tambahin server lain bagi pengguna pengguna baru. Agar g susah mask."
2022-05-21 07:21:04,Aplikasi Login.....
2022-05-19 05:24:34,We Love Honda
2022-05-19 03:05:24,"Login aja susah bgt, mau buka voucher ngga bisa-bisa,udah di alfa ini ğŸ¤¦ğŸ¤¦"
2022-05-12 04:14:05,Loading teruuuusssss...
2022-05-12 02:52:33,Sering error.nyeselin
2022-05-11 13:51:21,Aplikasi didalamnya kayanya ringan dah. Tapi UI nya berat banget! Bug demi bug yg gk pernah ada kelar nya. Fitur chat AI juga sering force close dan minim nya jawaban yg AI mengerti
2022-05-10 13:22:42,Aplikasi AHM menuggu lama seperti loading sudah berapa menit muluğŸ¥²
2022-05-10 06:32:12,"Ga ada bintang ""0"" yaa. Udah baik nih kasih 1"
2022-05-09 16:26:37,Tolong tingkatin kualitas servernya dan troubleshootingnya... Sangat tidak memuaskan memakai aplikasi ini....
2022-05-04 15:01:04,Sangatt parahhhhhhh burik
2022-05-02 12:38:46,Agar aplikasi ini di perbaik harusnya mempermudah bun mempersulit
2022-04-29 08:48:47,"Harus dengan internet kecepatan berapa agar bisa akses aplikasi dgn mudah ?? Lebih ke mempersulit, Lebih baik balik lg ke B2e..."
2022-04-29 08:07:34,Aplikasi apaan si gak jelasssssss?!!!!?
2022-04-29 06:59:48,"Bobrok.,.,.,.,.,."
2022-04-29 06:50:01,Aplikasi employee tapi LoLa ..sementara down star dulu...klo sudah tidak Lola baru kita up lagi
2022-04-29 06:34:25,BUAT LOGIN SUSAHNYAAA MINTA AMPUN!
2022-04-29 06:29:27,Waktu dibutuhkan malah ga bisa
2022-04-29 05:57:04,Tolong sinyal bagus tapi gak bisa masuk
2022-04-29 03:54:26,"Jal bayangna, lagi nang alfa garep bayar lewat vocer, malah apk e eror, garep emosi lagi puasa"
2022-04-28 07:01:10,bnyk.masalah
2022-04-27 08:34:45,Ko gak bisa login kenapa ya
2022-04-27 04:50:10,"Mau login aja, Sulit sekali. Tolong diperbaiki ya Admin."
2022-04-27 04:09:46,"sangat susah diakses, padahal jam 2 malam saya buka berharap server tidak sibuk tapi aneh nya tetep saja susah buka..."
2022-04-27 03:42:10,Asal liburan server nya parah... Tolong cpt perbaiki donk
2022-04-27 00:01:28,kebanyakan menu malah jd server lemot kalo mo nambah2 menu....bagus tapi disiapin servernya yg bagus biar ga lemot dl cek absen cepet skrg bisa jam2an yg bikin sapa sih ini
2022-04-26 22:02:08,Tolong dong di perbaiki biar lebih bisa membantu
2022-04-26 17:17:55,Tambah kacau nih min...benerin ngapah masa Saban mau masuk server penuh Mulu...
2022-04-26 14:26:56,Lagi dibutuhkan malah gak berfungsi
2022-04-26 11:41:06,Aplikasi yg lebih banyak nyusahin ketimbang memudahkan...
2022-04-26 10:40:52,"Tolong di perbaiki,mau masuk ke apk nya aja susah sekali. Udh sering banget update tapi gaada perubahan yang baik"
2022-04-26 10:13:13,Aplikasi nya lemot
2022-04-26 10:07:12,"Sangat mengecewakan,memalukan.. lemot sekali apk nya"
2022-04-26 03:50:43,Knpa harus ada pin nya sih.. jadi ga bisa masuk nih
2022-04-26 02:43:37,"Tolong betulkan servernya, saya bingung mau liat notifikasi ga bisa masuk"" Padahal penting mau liat pindah plant atau tidak, tolong betulkan trima ksih"
2022-04-26 01:01:19,"Aplikasi yg kurang bersahabat,masuknya susah + lebih ribet daripada login mobile banking,cek kehadiran lebih cepat tanya ke admin seksi daripada nunggu loading AHM mobile."
2022-04-25 22:12:52,Aplikasi yang sangat ga bermutu...kalo belum sanggup bikin aplikasi mending ga usah dibuat
2022-04-25 22:01:28,Aplikasinya gak bisa digunakan buat log in aja susahnya minta ampun malah nggak bisa
2022-04-25 20:41:11,Servernya luar biasa buruk
2022-04-25 17:56:17,"Aplikasi banyak bug, loading lemot, mohon ditingkatkan. Minta upgrade mulu tapi tetep saja lemot. Bikin hp kerja extra..."
2022-04-25 17:03:48,Kaga becus
2022-04-25 13:07:25,Sering susah masuk ke menu aplikasi buka aplikasi juga susah kadang ga bisa
2022-04-25 08:32:02,"Lemot bgt,mohon segera diperbaiki."
2022-04-23 08:33:15,Kenapa klo hari sabtu minggu susah buat masuk nya... Apa apa digital mending kalo mendukung.. Voucher digital giliran mau di pake susah masuk nya hadddeuhhh
2022-04-23 01:51:25,Aplikasi tambah lemot ğŸ˜´ğŸ˜´ğŸ˜´
2022-04-23 01:46:41,Makin berat buka aplikasi
2022-04-23 01:20:19,E voucher gak bs ditampilkan gimana solusinya?
2022-04-23 00:52:21,"Login developer penuh terus,ga bisa buka vocher Tolong di perbaiki"
2022-04-22 22:50:43,LEMOT NYA MANTAP ğŸ‘
2022-04-22 18:02:29,"SERVER SERING DOWN, GAK BISA LOGIN, MENU E VOUCHER DATA NOT FOUND, E PAYSLIP GA MUNCUL"
2022-04-22 12:53:08,Update trus tapi gaada perkembangan gimana mau nyaman penggunanya :(
2022-04-22 08:49:27,Aplikasi payah suka eror
2022-04-22 06:54:22,haddeeehhh.... aplikasi yg sangat memalukan... dah lemot. nyusahin karyawan
2022-04-22 00:07:16,Sering error
2022-04-21 15:22:31,Perusahaan gede tapi pake servernya murahan
2022-04-21 14:44:39,Tolong lah perbaiki min. Masa iya banyak bug.nya. trus ini e voucher ko malah ilang padahal blum kepake. Apa ga kasihan semua karyawan jg pake iniğŸ™ğŸ™
2022-04-21 14:28:54,Susah buat login
2022-04-21 13:45:54,Lemot servernyağŸ˜‚
2022-04-21 13:39:55,You know lah
2022-04-21 13:23:45,Servernya di perbaiki
2022-04-21 11:38:30,"Error mulu ya,..."
2022-04-21 10:56:10,Sangat buruk pokoke
2022-04-21 10:45:41,Aplikasi error
2022-04-21 09:40:37,Ini aplikasi banyakan error nya ketimbang fungsional nya
2022-04-21 08:35:34,Lemot
2022-04-21 07:40:13,Aplikasi jelek
2022-04-20 23:47:27,Payaah bner masa udah semingguan ga bisa di akses.. udah pake WiFi masih ajaa ga bisa.. harusnya di buatkan link buat akses darurat jadi ada versi mobile dan versi desktop..
2022-04-20 19:37:32,Harus nya IT bisa baca komentar netizen..
2022-04-20 14:20:11,rruwet banget muter truus
2022-04-20 12:32:09,"Tolong ya aplikasi disempurnakan. Jangan sebentar"" eror dgn alasan jaringan. Mau lihat absen aja gak bisa"
2022-04-20 11:24:20,Buat masuk aja susah
2022-04-20 09:40:15,Kecewa untuk login aja susah nya minta ampun sekelas astra aplikasi kya gini aja error mulu parah
2022-04-19 11:40:21,"Rating 2,2 untuk sekelas AHM , harusnya menjadi pukulan buat tim IT AHM , untuk login saja butuh waktu 2-5 menit,liat data absen in-out saja delay lama Kinerja terganggu"
2022-04-19 07:50:24,"Aplikasi busuk, kadang bisa di buka kadang nggak.. woy tolonglah di benerin servernya"
2022-04-19 02:27:37,Tambah Ancurr Lemottt Bangettt
2022-04-18 10:35:19,Server penuh mulu
2022-04-18 08:37:09,Tolong servernya toloong...
2022-04-18 05:27:40,Ga ngerti dah Ini aplikasi susah banget masuk Perbaiki lah Kita kan di tuntut untuk teliti absen Juga ada keperluan lainnya Tapi ini seperti aplikasi ga berguna
2022-04-18 00:54:31,"Gausah pake security coda ,susah bet tiap log out harus atur ulang , server lemot bukannya mempermudah inimalah mempersulit halaahhh , update aja mimta berkala gada perubahan sama sekali"
2022-04-17 10:11:16,Payah bosss ğŸ˜¤.mau masuk aja pake code security ga masuk2.buru di perbaiki.jangan makan gaji buta .!!!!!cengengesan doang di belakang layar..
2022-04-17 06:02:43,Habis update gak bisa login. Device samsung M21 . Tolong di perbaiki
2022-04-16 21:26:17,"Perlu banyak perbaikan secepatnya, tolonglah.. di suruh bergantung sama apk ini, tpi apknya ga jelas kaya gini"
2022-04-16 21:07:48,Tak banyak kata2 biar bintang yang menjawab
2022-04-16 20:56:33,Mau buka e voucher ampun susahnya Server brobok
2022-04-16 17:42:10,Sever sangat buruk
2022-04-16 17:41:24,Update terussss!! Tapi makin buruk malah ga bisa masuk
2022-04-16 15:18:19,Kode kesalahan 00009
2022-04-16 15:10:40,"Apk sampah mau pake e-voucher ga bisa login ,bikin malu pas di kasir mau bayar sama sekali apk nya ga bisa di buka ,jam kerja jg susah buat pengoperasian nya ,niat bikin aplikasi ga sih"
2022-04-16 13:53:05,Lemoot
2022-04-16 13:50:13,"Sering minta update,sering error juga,ga bisa di buka tolong di perbagus lagi Aplikasinya"
2022-04-16 12:33:04,susah masuk
2022-04-16 11:36:14,Dengan tambahan pin malah gampang errorrr...payah
2022-04-16 11:30:24,Lemot
2022-04-16 11:21:26,Server down terus
2022-04-16 10:18:17,Gw pikir nih aplikasi jadi mempermudah...sebaliknya bos..mepersulit..sulit login..error system dll. Erorr..
2022-04-16 09:52:14,Aplikasi erorrr teruussss
2022-04-16 08:18:21,Lebih diperbaiki lagi
2022-04-16 06:49:30,"Gak bisa login, sampe 3Ã— dan akhirnya di blokir"
2022-04-16 06:35:17,Aplikasi kga jelas.. Lemot dan makin tidak bermutu
2022-04-16 06:30:18,"Absen di menjadi tanggung jawab penuh karyawan,tapi di saat ingin mengecek absensi untuk masuk aplikasi aja susah bgt"
2022-04-16 02:52:45,Bgus
2022-04-16 01:45:20,Aplikasi ga mutu server lemah.
2022-04-16 01:19:28,Aplikasi menyulitkan sudah 1 minggu lebih tidak bisa log in sama sekali udah d instal ulang pun sama saja ğŸ˜¤ aplikasi ğŸ¤¡ğŸ¤¡ğŸ¤¡ğŸ¤¡ğŸ¤¡
2022-04-15 17:26:29,Slip gaji ga bisa dibuka juga?
2022-04-15 12:24:42,Please lah servernya perbaiki ğŸ™ğŸ¥º
2022-04-15 12:00:30,"APK paling bobrok yg ada di hp gue! Udah re instal, udah pake semua cara yg udah dipublish sama adminÂ² tiap seksi tetep gak ngaruh, gak bisa diakses."
2022-04-15 11:31:00,"Masa pake ada minta PIN,giliran udah masukin pin muter doang kaya gangsing..aplikasi apaan sih ini hai orang IT"
2022-04-15 11:27:28,Aplikasi suka eror gajelas banget kaga berguna.
2022-04-15 11:11:35,"Terlalu sering stuck di login, apalagi pas ada hal penting lalu stuck di login bikin jengkel, tolong di perbaiki"
2022-04-15 11:07:08,Udah masuk alfamart mau pakek voucher eh gak bisa di bukak dah terlanjur lagi terpaksa cash ğŸ¥±
2022-04-15 09:54:13,Ini mau blanjaiin vocher AHM mobile g bisa kebuka. Kepriwe kie min ???
2022-04-15 09:48:20,Sering eror paa tgl merah gak bisa dibuka ..kecewa berat pokonya
2022-04-15 08:40:36,Aplikasi lemot..kebanyakan fitur
2022-04-15 08:35:48,Lemot banget
2022-04-15 06:45:32,Gk jelas
2022-04-15 06:22:11,"Instal karena butuh, males sebenernya error terussss"
2022-04-15 03:53:25,"Kecewa parah woi Ama ni aplikasi udh semenjak di update jadi ngeleg gabisa masuk padahal jaringan aman tolong cepet di perbaiki woii gua butuh banget buat ngecek absen&slip gaji dll, udh seminggu masih error mana gua mau ngambil voucher thr gabisa ğŸ˜­"
2022-04-14 12:00:01,Walau sering masalah tp aplikasi ini membantu pekerjaan
2022-04-14 11:47:19,Aplikasi yang sangat membantu dalam menguji kesabaran kita di bulan puasa ini. Tahan tahan jangan emosi
2022-04-14 10:37:58,Selalu kendala server padahal koneksi internet oke Mohon bisa diperbaiki dan dimudahkan lagi untuk pengguna
2022-04-14 08:43:36,Lemot parah
2022-04-14 07:48:42,Lemot
2022-04-14 06:11:32,"Parah ,,aplikasi itu,mempermudah bukan mempersulit,,orang2 IT kbnyakan cari muka/gaya doang,,hasil NOL"
2022-04-14 05:38:17,mau login aja susah
2022-04-14 04:15:12,Jelek pait paiiiiiit
2022-04-14 03:54:57,"Susah buat login, padahal data login sudah benar tapi semenjak ganti NRP baru gabisa login lagi."
2022-04-14 01:15:51,Lemot aplikasinya...gembel
2022-04-13 23:06:23,Lemoooot susah dibuka
2022-04-13 21:36:59,"Aplikasi kok, kadang bisa di buka kadang susah di buka. Ga niat bgt"
2022-04-13 21:32:25,Parah banget ini aplikasi
2022-04-13 20:45:27,IT nya gimana ni
2022-04-13 19:12:11,"Aplikasi lelet parah, mbok server di perbaiki, pakai server murahan sepertinya"
2022-04-13 18:55:50,1 ja bintangnya
2022-04-13 18:33:59,Loadingnya lama
2022-04-13 18:02:48,"MP IT dan server jelek bgt,,,,"
2022-04-13 17:10:38,Aplikasi makin susah dibuka..kalopun mau lama loadingnya..plus pdf slip gaji nggk bisa dibuka....walopun pake file reader apapun
2022-04-13 16:01:19,Masih harus banyak perbaikan
2022-04-13 15:59:08,"Susah login, malah balik minta pin security code"
2022-04-13 15:58:58,Kenapa ga bisa login....
2022-04-13 15:51:41,Kenapa semenjak di kasih pin saya tidak bisa login
2022-04-13 15:39:05,Alhamdulillah d bulan Ramadhan ini masih di berikan kekuatan menghadapi aplikasi yang menguji kesabaran serta ketabahan kita...
2022-04-13 13:10:48,"AkhirÂ² ini sering eror dan log out sendiri, tapi pas buat masuk ulang malah muterÂ² Mulu alasan koneksi Padahal jaringan amanÂ² aja"
2022-04-13 12:26:57,"Update rutin kualitas tak sebanding,aplikasi lemot,sering eror"
2022-04-13 12:22:48,"Bingung,,,, aplikasi ruwet. Hapus aja dri playstore. Buat login ja menghabiskan banyak waktu ğŸ˜ "
2022-04-13 12:12:08,Berat bestie
2022-04-13 11:45:40,Masih harus byk evaluasi
2022-04-13 11:24:52,"Payah yg bikin apk,buat login aja susahnya kebangetan.padahal pengguna'a gak sebanyak instagram/fb.Tim IT sebenernya bisa gak si bikin apk...kl gak bisa mending mundur aja!!!"
2022-04-13 10:34:05,Kseringan di-update..error mulu
2022-04-13 09:50:34,Kacau dr kemarin susah di buka aplikasi ny
2022-04-13 06:28:45,Ini server tolong dibenerin lagi udh seminggu mau login ngecek absen gabisa masuk. Pdhal sinyal kenceng buat internet lancar tp giliran masuk ahm mobile cuma bisa loading
2022-04-13 05:40:32,Semakin menjengkelkan...
2022-04-13 05:00:26,"Aplikasi yang cuma di akses buat karyawan aja,susah banget kalau mau masuk dg alsan server penuh,"
2022-04-13 02:17:06,"aplikasi cukup bagus, sayang komennya ga ditanggapi. Bagaimana cara Print BPKB motor jatah? Kenapa tiap awal bulan harus selalu uninstall & install ulang mulu. Klo enga. Ya ga update. Lemoot pula"
2022-04-12 23:55:56,"aplikasi dibenerin,jgn kebanyakan update bener kagağŸ¤”ğŸ¤”"
2022-04-12 10:47:48,"Kok update teross tapi ngga bener bener sih ,padahal aplikasi ini salah satu platform buat aku liat absensi"
2022-04-12 09:09:44,"Error terus,gabisa login."
2022-04-12 08:35:57,"Aplikasi akhir"" ini nyusahin bgtz susah buat login..."
2022-04-12 08:15:52,"Aplikasi anehh, error mulu. Heran"
2022-04-12 05:44:31,"Aplikasi itu memudahkan bukan mempersulit, log in saja gak bisa apalagi cek payslip dan berbagai macam hal."
2022-04-12 05:09:15,"Aplikasi minim manfaat. Loading lama Naudzubillah, pdhl buka aplikasi lain lancar jaya. disuruh Logout berkala, abis logout,Loginnya lagi susah. Buat mbuka aplikasi ni tuh ngabisin bnyk waktu, kaya orang ga da kerjaan nunggu loadingnya. Pdhl emangnya berapa banyak sih warga yg mengunduh aplikasi ini. Heran ni bagian IT sbnrnya kemampuannya udh memadai untuk pekerjaan ini blm sih, atau sbnrnya Budget buat divisi ini tuh sekecil apa sih. Kalo ada bintang 0 mah udh dikasih ini. Perbaiki segera lah."
2022-04-12 03:31:51,Wagu.. Ngga bisa di cek.. Katanya suruh ngecek di ahm mobile kalo habis ngeprick.. Ehh aplikasi lola bngt.. Sering eror lagi
2022-04-12 03:30:22,* nye Atu aje yeeee
2022-04-11 23:20:15,Lemot di saat jam penting bahkan error'
2022-04-11 17:01:24,"Servernya jelek bgt,, sering gk bisa dibuka apk nya entaah eror atau jaringan notice nya pdahal sinyal full aman2 aja"
2022-04-11 13:52:11,"Aplikasi bukannya memudahkan malah menyusahkan, klo belum siap digital jangan maksain,,"
2022-04-11 12:18:47,aplikasi jelek loading truss.
2022-04-11 10:05:36,Mau tuker voucher loding trus nih aplikasi.
2022-04-11 09:01:52,Parah eror Mulu..voucher not found..kmren ad..bisa kaga si bkin aplikasi?
2022-04-11 04:53:32,Enga nyangka banget aplikasi ya gini.... Bukanya mempermudah malah mempersulit.. Seengaknya mempermudah proses itu malah mempersulit jadi tolong buat yang buat .. dipermudah dalam akses masuk ..
2022-04-11 04:50:37,Sinyal Full tapi muter2 teros..
2022-04-10 23:55:52,tiap pagi error aplikasinya
2022-04-10 23:47:03,"Ayo dong min perbaiki load server yang lemod banget,ğŸ˜Œ"
2022-04-10 14:00:54,"Aplikasi tolol, lemot, menyusahkan sekali"
2022-04-10 13:45:05,"Ya Allah susah bgt masuk nya padahal sinyal bagus tapi loading terus , mau ngambil e-voucher susah nya minta ampun"
2022-04-10 11:00:05,Aplikasi jelek banget
2022-04-09 14:30:40,ga bisa akses e voucher saaat haru libur..
2022-04-09 13:50:50,"Kebanyakan pop up, kalo buka jadi lemooooot banget"
2022-04-09 10:03:31,"Aplikasi gag bisa dibuka maszeehhh, apa harus ganti hp dulu ya?"
2022-04-09 09:40:48,Aplikasi error mulu
2022-04-09 08:09:52,"Payslip gak bisa dibuka,tlng perbaiki,sdh berkali donwlod ulang gak bisa bisa"
2022-04-08 11:58:58,Nggak bisa login..
2022-04-08 10:34:58,TOLONG DIPERBAIKI KONKESI KE SERVERNYA .. MASA LIAT VIDEO YOUTUBE KUALITA 1080p LANCAR BANGET .. SAMA DOWNLOAD FILE BER GIGAÂ² BISA .. KO LOGIN DOANG MASALAH KONEKSI .. ANEH EMANG .. KALO BUKAN KARENA BUTUH SORRY DOWNLOAD INI
2022-04-08 07:23:59,Masih banyak yang perlu ditingkatkan
2022-04-08 07:08:15,Lemotnya minta ampun
2022-04-07 06:47:19,Servernya membagongkan....
2022-04-07 03:23:15,"Sangat membantu, tapi lemot"
2022-04-07 02:23:45,aplikasi aneh. sering bermasalah
2022-04-07 02:21:28,"Itu slip gaji,dan KPSM kenapa ga bisa di buka,tolong benerin dong,percuma di update aplikasi terus,tapi ga ada perubahannya.. Semua karyawan mau ga mau harus pake aplikasi ini,jadi tolong pada pihak yg terkait jaga dan tingkatkan kualitasnya di semua menu jangan cuma 1/2 menu saja.."
2022-04-06 17:59:04,"aplikasi eror terus, ga jelas"
2022-04-06 14:38:09,Ugh
2022-04-06 14:09:29,lemot
2022-04-06 13:39:39,"Jangan terlalu bnyk nambahin fitur menu dulu,semakin berat aj aplikasinya.. Jangan asal pilih programer yg cm mau duitnya aj.Benerin dulu tuh BUG aplikasinya.. Msih bnyk programer handal di Indonesia klo cm buat aplikasi kyk gini.....!"
2022-04-06 09:39:09,Masuknya susah Muter terus kayak gangsing
2022-04-05 19:38:43,Slip gaji gak bisa dibuka
2022-04-05 18:03:11,Nyusahin .semakin hari semakin gk jelas
2022-04-05 14:28:27,Susah banget klo masuk padahal sinyal bagus
2022-04-05 13:55:13,Aplikasi dipaksanan wajib tapi app yg parah ampe ga hbis pikir... Ammppun deh..
2022-04-05 10:43:38,"Server Over terus, Gak bisa Login! Mhn di perbaiki! Klo bukan butuh, mungkin sdh saya Un install ini aplikasiğŸ™"
2022-04-05 07:05:19,Lemot banget apk nya
2022-04-05 06:01:13,"Aplikasine lemot, sinyal full tapi loading sue banget"
2022-04-05 05:11:05,Perbaiki aplikasi log in gak bisa2.tiap gajian jg gk bisa di buka..absen lembur jg gk muncul ğŸ™„
2022-04-05 02:03:42,"Sorry turun 1 bintang, login ahm mobile saja butuh waktu 5 mnt bhkan buka menu utama aja lama nya minta ampun."
2022-04-04 23:59:27,"Tau ga bos klo lupa absen ngurusin nya ribet..!!! pdhal udh ckup nyaman sama apk ini,bsa ngeliat absen scan in & out dan jga sebagainya. Tapi semakin ksni apk semakin lemod,tolong di perbaiki lagilah bos jgn terlalu lama sperti ini..."
2022-04-04 21:18:10,Server nya bobrok
2022-04-04 21:16:27,"Update mulu, tapi perubahan sedikit."
2022-04-04 15:35:50,Login aja susah
2022-04-04 11:32:22,Klo bukan karena butuh mah males gw instal aplikasi ini.. nyusahin doang.. klo belum sempurna di satu fitur jangan nambah nambahin fitur yang lain dah.. bikin lemot aja.. aplikasi sekelas perusahaan elit ko masih kalah jauh sama blog pribadi..mau login aja susahnya minta ampun...ga connect malah nyalahin koneksi internet nya... Padahal buat buka aplikasi yang lain lancar jaya ga ada kendala..
2022-04-04 10:47:58,"Update trus login susah muter terus malah eror, sinyal kuat pdahal 4G Telkomsel.."
2022-04-04 09:48:21,"sinyal banyak tapi ga bisa masuk sama sekali, sekelas pabrik terbesar bikin dev. ga niat banget"
2022-04-04 09:47:27,"Aplikasi apa ini susah log in,"
2022-04-03 13:45:27,bagus
2022-04-03 06:52:16,"Min akhir"" ini slip gaji kok gax bisa dibuka ya ......tolong segera di perbaiki masalahnya..."
2022-04-01 17:01:18,Slip gaji gak bisa di buka
2022-04-01 15:12:12,Slip Gaji tahun 2022 gak bisa dibuka semuaa
2022-04-01 06:01:12,"Susah masuknya, loading Mulu , terus suka tiba tiba keluar sendiri"
2022-04-01 04:36:20,Aplikasi meded ..
2022-03-31 16:00:17,"Payslip ga bisa dibuka, format file error'"
2022-03-31 10:09:28,Tiap dowload epayslip g bsa data coruptet trus gmn mw liat slip gajinya tolong min.
2022-03-30 15:00:03,Jooozzzz
2022-03-30 11:53:06,Sering eror
2022-03-30 11:50:37,Lemot
2022-03-30 10:38:48,Kapan ni sacan in out mulai pakai sidik jari..??
2022-03-30 10:36:08,Buka slip ga bisa2 payah bener
2022-03-30 10:33:17,"Lemot....update mlulu nih....boros kuota Habis update malah ga bs buka slip gaji ya,""format TDK valid"""
2022-03-30 10:31:24,Slip gaji gak bisa dibuka...bagaimana ini?
2022-03-30 09:39:28,Sering eror ga jelas apk nya
2022-03-30 06:25:26,"Aplikasi payah... Bnyk errornya.. Buka E-payslip aja gk bisa"""
2022-03-30 05:55:21,Mau masuk aja susah bener. Coba bikin versi web juga biar ada opsi kalo sering error Udah di coba di 5 hape mau masuk aja ga bisa
2022-03-30 03:32:27,"Maaf tolong perbaiki untuk masalah log in yang susah.. Ini sbenernya apk sangat membantu, tapi untuk masalah log in aja. Perbaiki bug dan server"
2022-03-29 09:31:17,Semenjak ada aplikasi ini gajian jadi mundur 1 hari..
2022-03-29 07:37:15,Bagus mantappp dan spesial
2022-03-29 00:22:59,"Aplikasi terburuk yg pernah saya download, sering bgt error, klo tdk karna kebutuhan, sudah saya buang jauhÂ² niah apk."
2022-03-28 00:52:27,"Tolong server lebih ditingkatkan lagi, karena aplikasi sering Down saat kita ingin mengecek absensi. Terima kasih"
2022-03-27 04:46:38,Sudah scan in dan scan out tapi kadang ga muncul diaplikasi Sedih saya jadi telat gara-gara scan ulang
2022-03-20 14:32:43,"Apk buruk, ga bisa login"
2022-03-17 19:52:25,File epayslip TDK bisa terbaca
2022-03-17 10:35:49,Kalo ada bintang Â½ pasti tak kasih ğŸ˜‘
2022-03-17 09:49:02,ğŸ‘
2022-03-17 09:37:09,"Revisi bintang 1 . Buat developer nya mohon bisa diperbaiki. Semakin kesini , semakin sering error."
2022-03-17 09:13:00,Kurang support kurang support
2022-03-17 08:57:42,"Mohon ijin, kepada developer AMH Mobile, signal saya bagus, tetapi untuk login menge-cek daftar kehadiran saya lama sekali, mohon agar developer agar pramuat dalam aplikasi ini di sedikitkan lagi, karna semakin banyak pramuat maka semakin lama masuk nya ğŸ™ğŸ»ğŸ™ğŸ»"
2022-03-17 08:47:48,Aplikasi tiap hari eror gak bisa dibuka buat cek absen
2022-03-17 06:46:38,Tiap buka applikasi minta pin....setelah masukan pin dan simpan.....applikasi loading tiada akhir.....intinya jadi tidak bisa login
2022-03-17 06:36:54,Not good
2022-03-17 06:22:01,"Masih banyak bug, tolong diperbaiki lagi. Scan in dan scan outnya kadang error atau gak sesuai."
2022-03-16 11:33:58,Aplikasi loading lama
2022-03-16 10:48:53,"Sering error bos, pakr pin tapi mute r trus.."
2022-03-16 08:48:22,"aplikasinya tolong perbaiki, login aja susah bener"
2022-03-16 08:09:18,Aplikasi lemot nyusahin
2022-03-16 07:51:15,"Bingung aplikasi minta update, tapi begitu masuk play store tidak ada menu ""update"", adanya langsung ""open"", kirain udah nggak suport maklum hp jadul, ternyata cukup clear data aplikasi playstore nya, jadi muncul deh ""update"" nya"
2022-03-16 04:44:31,Setelah update terakhir tidak bisa buka e pay slip
2022-03-16 00:07:17,"Udah di update malah error terus, gabisa diajak cepetÂ² nih aplikasi"
2022-03-15 08:29:42,Setelah update terakhir jadi eror terus (hampir SETIAP HARI EROR BOSS) padahal butuh bgt app ini untuk absen via mobile attendance (KARENA KERJA DI OUTPLANT)...ayolah team terkait cari solusi dan secepatnya perbaiki
2022-03-15 08:05:37,Aplikasi lemot lama masuknya
2022-03-15 05:42:44,"apk lemot,,kacau,,payah IT nya"
2022-03-14 22:38:03,Eror
2022-03-14 22:34:21,"Aplikasi sering Error, tolong diperbaiki dong,demi kelancaran aktivitas karyawan"
2022-03-14 22:19:11,"Yg bener kalau bikin apps, banyak fitur banyak update, basic aja masih sering error. Menyulitkan!"
2022-03-14 04:42:58,"Notifikasi spam banget. 1x aja cukup,ini beberapa kali notifikasi yang sama muncul bersamaan"
2022-03-13 01:44:12,"Apk bagus buat karyawan cek absen gampang, cuma Kenapa ya setelah di update gak bisa buka e-payslip pak?"
2022-03-11 07:05:33,Ok
2022-03-11 03:05:45,ok
2022-03-10 11:53:55,Kalau bikin updetan yang bener boss masih banyak bugnya....hadeeeh...
2022-03-10 09:23:11,Ga bisa masuk slur
2022-03-09 06:51:39,Manteep aplikasi ini sangat bantu saya
2022-03-09 06:48:18,Server sering error
2022-03-09 06:36:37,Mudah-mudahan lebih lancar lagi dalam membuka aplikasi nya
2022-03-08 17:01:29,Security codenya nyusahin malah g bisa login
2022-03-08 07:08:04,"Gua suka baca komen"" disini ğŸ¤£ Mantap lanjutkan bang"
2022-03-08 01:49:53,Update Mulu perasaan
2022-03-06 23:52:12,"Aplikasi sudah cukup membantu & mempermudah karyawan, terimakasih usulan fitur chat sdh disediakan.. Saya tambah bintang lagi.. Meski belum coba fiturnya hehe.."
2022-03-06 10:18:50,Mantab pokoke
2022-03-05 16:13:15,Semoga lebih diupgrade agar tidak sering eror ğŸ‘
2022-03-05 10:47:56,Keren
2022-03-05 00:03:47,"dari semalem aplikasi susah di update , saya hapus aplikasinya di download lagi malah tertunda terus , Gimana ini ya pdhal mau vaksin"
2022-03-04 09:11:47,Aplikasi ini sangat bermanfaat bagi karyawan sayangnya sering terjadi error dan load server penuh pada jam tertentu. Tolong perbaiki kekurangannya kalau bisa fitur kunci pin dihilangkan saja karena kurang efektif pada saat aplikasi ini dijalankan. Besar harapan saya supaya aplikasi ini dapat diperbaiki dalam tempo secepat-cepatnya. Atas perhatianya saya ucapkan terima kasih.
2022-03-04 09:06:09,Keseringan updet
2022-03-04 02:07:25,lemot
2022-03-03 23:50:55,Keseringan update pdhl apk dibuka tiap hari
2022-03-03 23:03:51,Good
2022-03-03 17:14:56,"Turunin rate nya dulu, aplikasi butuh buat harian, perbaruannya berminggu2...."
2022-03-03 16:09:37,Bro yda di update kok malah ga bisa kebuka...piye toh
2022-03-03 11:42:44,cukupbtau
2022-03-03 08:58:01,Aplikasinya sering eror
2022-03-03 07:06:15,Lbh asik kalo bisa login pake finger print
2022-03-03 04:31:05,"Susah banget log in,kenapa tdk ada tanggapan dari AHM. Kita mau aktifitas spt apa klo suruh pakai apk tp tdk bisa digunakan?"
2022-03-03 02:46:58,"Suruh update tapi ga bisa buka....IT AHM mobile gimana nih,ga bisa kebuka.masa eror melulu"
2022-03-03 02:16:51,Baik
2022-03-03 01:23:09,"Gara gara nih apk jadi telat 2,5 jam"
2022-03-02 23:27:03,OK banget
2022-03-02 23:11:29,Kalo sdh bagus apk nya saya tambahin bintangnya
2022-03-02 17:15:59,Update terooos... Menang banyak nih dari adsense
2022-03-02 16:57:25,E-pay slip tolong benerinğŸ¥´
2022-03-02 16:57:09,Ø§Ø¬ÙŠØ¨
2022-03-02 16:24:46,Sering Error
2022-03-02 15:35:16,Aplikasi cacat
2022-03-02 15:22:58,Kasih rating bru bisa update
2022-03-02 13:43:10,Error
2022-03-02 13:18:50,"Minta di update, tetapi pas masuk ke playstore nya tidak ada update"
2022-03-02 13:13:15,"iya nih minta update,tp menu update tdk ada malah minta buka dan dilik minta diupdate,nggak jelas ini aplikasi"
2022-03-02 11:55:27,Good
2022-02-28 12:07:49,min updet data pribadi data otp belum masuk malah terblokis si gimana.pencerahan min
2022-02-25 04:06:01,"Apk jelek ajik, gabisa mabar"
2022-02-23 03:12:36,"Parah ... kode OTP buat update data personal kagax dikirim-kirim, padahan no.hp sudah benar dan aktif, tanya ke pic malah gx tau, saranin coba pake no.hp yang lain . Dicoba pake no.hp lain tetap gx dikirim-kirim juga kode OTP nya"
2022-02-22 23:20:48,Mas developer semangat ya ğŸ˜†
2022-02-21 09:46:52,Bagus
2022-02-17 12:45:56,Sering eror
2022-02-17 11:12:09,gila udh 3 hari kg bsa ke buka2.. pke wifi pake data jg sm aja. udh si kg ush update 2 terus. kasihan napa yg hp biasa aja..
2022-02-17 00:30:37,"Masih butuh perbaikan, blm ada hasil yang membaik"
2022-02-16 13:21:17,Jos
2022-02-16 03:52:45,Lupa pin utk verifikasi caranya gimana min??
2022-02-16 03:38:56,Sering error g jelas.. parah
2022-02-16 02:21:58,Kenapa yh upgrade bio data pribadi padahal alamat sudah bener tapi selalu faild
2022-02-16 00:38:36,"Bintang atu aja udh bagus,minta update mulu,giliran mau di pake buat update dt pribadi ga bisa,muter mulu klo mau digunakan"
2022-02-16 00:36:34,Ganti yamaha mobile z pak...
2022-02-16 00:22:24,"Lemot....aplikasi sangat buruk,tolong,tolong.... boleh dibilang canggih 4.0 tp aplikasi begini.... sangat sangat sangat buruk"
2022-02-16 00:01:59,Erorr ko langganan ğŸ‘ğŸ‘ğŸ‘ğŸ‘ğŸ‘
2022-02-15 12:40:46,"sudah uninstal dan instal kembali sampe 4 kali dalam durasi 3 jam cuman karena satu hal , ga bisa login ğŸ˜‚ğŸ˜‚ğŸ˜‚ tolong lah kasih nomor kontak center yg bisa di hubungin gitu bila terjadi kendala masalahnya keseringan bos"
2022-02-15 12:27:11,Terimakasih dengan masuk aplikasi ini membuat saya ingat kepada Allah dan selalu istighfar....bintangnya 1 dulu kalo ada yg 1/8 pasti aku pilih.
2022-02-15 10:26:34,"Aplikasi sering error, g bisa log in, Menyulitkan saat akan akses mobile attendance. Tolong segera di perbaiki"
2022-02-15 10:20:47,Semoga hari ini lebih baik dari hari kemarin ğŸ™ğŸ¼
2022-02-15 09:49:26,Susah bner cok buat masuk
2022-02-15 09:15:44,Aplikasi nya lemotttt banget
2022-02-15 09:09:34,"Tolong diperbaiki APKnya , apk terlemot yg pernah ada , nyalahin jaringannya , kalau ngga bisa bikin aplikasi ya udah ngga usah bikin , bukan sya doang yg ngeluh , smuanyaaa"
2022-02-15 08:52:45,Apk sering error
2022-02-14 23:28:05,Makin berat aja nih aplikasi dibuka
2022-02-14 15:46:14,Aplikasi kek tai
2022-02-10 13:03:14,Kpsm kenapa berubah kebijakan.... :-(
2022-02-10 06:23:50,"kebijakan tambah menurun, kpsm saat ini malah ga bisa pilih yg diinginkan. dgn adanya platform golongan"
2022-02-10 02:27:20,"Error mulu ,download lagi Error lagi Download lagi Error lagi Ehhh kuota abis lagi"
2022-02-09 23:14:48,"Aplikasi tolol bikin susah, ga jelas, busuk nih aplikasi, bikin aplikasi kok nyusahin orang, bego bener..."
2022-02-09 13:57:37,"Sinyal WiFi Full, tapi masuk aplikasi ini ga bisa ğŸ˜‚ AHM perusahaan bonafit dan masuk salah satu perusahaan otomotif terbesar di Indonesia bahkan dunia tapi bikin aplikasi asal2an gini, malu2in bgt sumpah."
2022-02-09 08:35:18,Kalo lupa pswrd gmn resetnya?
2022-02-09 01:32:59,Mantap aplikasinya ğŸ‘
2022-02-08 13:57:32,"Ni aplikasi jd kurang berguna ya, masa klik data pribadi sama yg lain malah dialihkan ke b2e portal, harus log in lg, abis itu ga lengkap hadeh, tolong segera perbaikannya"
2022-02-08 13:30:30,"Orang IT gajinya berapa ya ,msa iya dri dulu ini aplikasi lag lag mulu ,tolong dong tingkatin lg ,ini kan termasuk kebutuhan karyawan"
2022-02-08 04:20:23,KPSM KNP G BISA-BISA KEMBALI KE CARA MANUAL AJA LAHHH
2022-02-08 01:37:58,KPSM kenapa ngga bisa??????
2022-02-08 00:30:03,Selalu error di pagi hari. Menyulitkan yang butuh scan in di mobiln attendance. Tolong diperbaiki masÂ² IT.
2022-02-07 20:41:58,"Tolong dong perbaikin,untuk pengajuan motor ny error' terus,tidak bs di buka,udh hampir 1 bulan bermasalah,habis di-update malah error'."
2022-02-07 10:45:28,Kenapa kpsm gak bisa di buka ya...eror terus
2022-02-03 04:17:51,"Payah!!Sudah sebulan menu kpsm nya error,tidak ada solusi lain untuk pengajuannya dan tidak ada waktu kepastiannya sampai kapan bisa teratasi.Penanganan IT nya sangat lelet!!"
2022-02-02 08:44:11,Terlalu dlsering update
2022-02-01 21:34:03,"Bingung bgt, katanya minta update giliran di update muter muter trs Di uninstall sama Bae muter muter jg...tolong penjelasannya....IT tolong segera benahi jngn gaya doank pke sepatu sneaker..."
2022-02-01 08:42:21,Sdh satu bln kpsm blm di uprop juga ada aplikasi tambah masalah
2022-01-31 04:01:11,"kenapa setelah update tertulis username dan password salah? padahal ga 
ganti password."
2022-01-29 11:20:21,ga layak
2022-01-29 00:58:32,Belum ada sebulan udah minta update lagi
2022-01-28 09:41:45,parah aplikasi nya
2022-01-28 07:24:28,Update terus rajelas
2022-01-27 05:13:32,"Parah upgrade sebelumnya aplikasi gak bisa liat slip gaji,upgrade terbaru gakbisa pengajuan KPSM tolong di perbaiki"
2022-01-26 00:18:26,Gud
2022-01-25 03:46:44,Gaje
2022-01-24 08:54:29,update terus tapi masih tetep suka error
2022-01-22 02:52:05,Up..... KPSM.....
2022-01-21 09:51:01,Asli aplikasi lemah bgt engine nya kurang bagus
2022-01-20 23:45:24,update teros
2022-01-20 15:05:11,Pengajuan kpsm belum bisa min???
2022-01-20 11:27:28,Kebanyakan update...server lemot
2022-01-20 08:45:05,Mantap
2022-01-20 00:25:45,ğŸ‘
2022-01-19 23:52:51,Update terus performa tetep ga bagus
2022-01-19 09:08:24,"Update melulu parah,ğŸ‘ğŸ‘ğŸ‘ğŸ‘ğŸ‘"
2022-01-18 23:49:31,ğŸ‘ğŸ»ğŸ‘ğŸ»ğŸ‘ğŸ»
2022-01-18 22:30:05,Banyak manfaatnya.....
2022-01-18 20:26:38,"Pengajuan kpsm belum bisa dibuka,ada apa y?? Sudah diperbaharui,masih belum bisa"
2022-01-18 16:28:25,Mudah digunakan
2022-01-18 11:16:24,"Orang IT nya tol*l....masih belajar gaya gaya an bikin fitur baru,,,,cuma bikin lemot doang....kalo udh jd profesor boleh dah belagu laguan....t*l*l..... kebanyakan update,,,,,lemotnye nambah.... bujugdeh baru awal bulan maren update,,,,eh udeh minta update lagi aje.....suuueeee'...."
2022-01-18 07:05:51,Sangat berguna
2022-01-18 06:26:18,Lebih mudah
2022-01-18 05:50:54,Ok
2022-01-18 00:57:12,Error' trus akh
2022-01-18 00:45:34,Siip
2022-01-18 00:02:07,Semakin Bermanfaat
2022-01-17 22:27:49,update terus update terus ampun deh gk pentng bangtt kalo nmbahin sklian dong nangung amat !!
2022-01-17 21:57:04,Keseringan update
2022-01-17 16:50:53,Lebih fleksibel
2022-01-17 16:14:47,Update teroooosssss
2022-01-17 15:29:16,ok
2022-01-17 15:13:14,Kenapa ngajuain kpsm kagak bisaaa....klo gtu lebih baik manual ajja...IT di gaji gede tapi aplikasi eror mulu...maka nya kalo rekrut jangan dri kampus rekanan doank...jangan pilih pilih...jadi IT nya yaa bgtu trus...kagak becus
2022-01-17 13:37:16,Kpsm knp ini g bisa ?? Alasannya perbaikan aplikasi...sudah 1/2 bulan blm bener juga....hadeeeh
2022-01-17 12:39:43,Kebanyakan update
2022-01-17 10:35:12,"Ok,mantap banget"
2022-01-17 09:56:49,Sangat membatu sekali
2022-01-17 09:51:56,"Kebanyakan abdet, fungsi sama saja"
2022-01-17 09:50:47,Okeh
2022-01-17 09:03:15,Ok
2022-01-15 01:13:52,"Gak bisa ngajuin KPSM,tolong di benerin ya min"
2022-01-12 11:44:10,Gak bisa ngajuin KPSM... Tulisannya hub loan officer terus... Padahal tidak ada pinjaman apa2.... Motor jatah yg pertama sudah lunas dari 2020... solusinya gimana?
2022-01-12 05:56:58,KPSM kenapa jadi bermasalah min.! ini jd malah mempersulit pengguna.
2022-01-09 11:13:42,Bagus bgt ....
2022-01-09 08:57:37,"Pengajuan KPSM tertunda krn selalu ""null"" â˜ºï¸"
2022-01-07 03:53:16,Oke dah
2022-01-05 08:39:18,Bintang yg bicara
2022-01-03 08:10:13,Membebani
2022-01-02 23:15:34,"Kenapa sering eror , baru di install hbis itu hrus di unistall,"
2021-12-23 05:49:57,Lemotttttt kayak keong
2021-12-21 03:26:42,"Nga bisa buka slip gaji , ampun ah Sudah lama banget bga bisa2 .."
2021-12-16 00:48:16,"Alhamdulillah, Pake SONY XPERIA Aman, Buka payslip ga Ada masalah."
2021-12-15 09:01:02,Sering eror
2021-12-14 16:09:08,App nya cuma support ke hp tertenu.. mohon diperbaikiğŸ™
2021-12-14 08:51:08,Ok
2021-12-13 09:43:55,Payah lemot doang
2021-12-13 02:22:36,Up date teruuuuus bikin cuti ga bisa tooooolooooong dong ah jgn bikin susah
2021-12-10 16:19:13,ok
2021-12-10 12:26:16,Kenapa update trus...bosen kali org...cape deh
2021-12-09 00:28:09,"Data absensi eror Mulu, kenapa ya"
2021-12-09 00:11:01,"Setelah diupdate, mau login ulang malah susah. Sampe bosen liat login muter2"
2021-12-08 23:59:45,Apa kata lu aja dah.
2021-12-08 23:46:36,"Diperbarui bukanya malah bagus tapi malah susah aja, buat login aja susahnya minta ampun padahal baru di-update. Tolong perbaiki lagi sistemnya biar lebih baik lagi ."
2021-12-08 23:31:29,Tolong di benahi kembali aplikasinya. Orang-orang pada gak bisa unduh E-Payslip. Kalo bisa dibenahi secepatnya!!!!
2021-12-08 15:37:42,Update mulu
2021-12-08 08:41:38,Perbaiki lagi ya
2021-12-08 08:38:18,Update teroooosss..
2021-12-08 07:38:57,"Menu bpkb gak pernah di update ,tolong dong tim hrd dan it kerjasamanya,trimakasih"
2021-12-08 07:12:28,mantap
2021-12-08 04:12:58,E pay slip ga bisa DL
2021-12-08 04:03:27,Ok
2021-12-08 03:39:14,Updete terus :-
2021-12-08 03:01:39,Mantab
2021-12-08 02:38:23,keseringan update tandanya kurang cerdas.
2021-12-08 02:09:28,R mutu
2021-12-08 01:32:16,Aplikasi gak bisa di buka
2021-12-08 01:31:48,Oke
2021-12-08 01:03:50,Slip gaji ga bisa dibuka gmn sii
2021-12-08 00:18:26,"Aplikasi bagus,cepat dan terdedikasi tinggi mengetahui absen pengguna setiap harinya"
2021-12-08 00:10:57,Bagus
2021-12-08 00:01:21,DiUpdate malah ga bisa akses
2021-12-08 00:00:29,update mulu kwalitas lelet
2021-12-07 23:58:43,"Aplikasi gk jelas update mlu lemot , update tapi gk jelas"
2021-12-07 23:58:42,Kok ngga bisa masuk knapa yaa masa suruh update terus padahal udh di update
2021-12-07 23:58:32,"minta update, tapi setelah update malah gak bisa di buka aplikasi nya"
2021-12-07 23:41:33,Sanagt bermanfaat
2021-12-07 23:27:13,Ok
2021-12-07 19:49:19,Good perfomance.
2021-12-07 16:37:34,Goof
2021-12-07 15:53:37,Mantap dan keren
2021-12-07 12:41:04,Mantul Aplikasi nya
2021-12-07 12:18:49,Lumayan
2021-12-07 11:53:39,Update melulu...miris
2021-12-07 11:50:55,Mantap
2021-12-07 10:57:58,Sangat membantu
2021-12-07 10:55:00,Sangat membantu
2021-12-07 10:40:11,"parah, baru instal langsung minta update"
2021-12-07 08:39:50,Buat unduh slip gaji gak bisa..sdh un instal trs instal lagi tetap TDK bisa unduh slip gaji...segera perbaiki sistem biar gak berlarut larut... terimakasih
2021-12-07 07:54:08,Tolong di perbaiki lagi sering keluar pas mau buka e Slipi
2021-12-06 17:57:58,Sdh d perbaharui malah g bs bk epay slip
2021-12-06 10:54:02,Di perbaharui malah gk bisa buka slip gaji gmn ini ğŸ¥º
2021-12-06 08:46:05,"Udah berkali kali Uninstal lalu di Instal lagi dan terus begitu sampai berulang ulang, tapi tetap aja gak bisa bisa mau unduh slip gaji. Seharusnya yang namanya ada pembaruan itu lebih baik dari yang sebelumnya, laah ini malah makin parah."
2021-12-05 12:00:08,Tidak bisa di buka
2021-12-03 19:14:11,Mendingan sebelum upgrade
2021-12-03 15:44:37,Mantull...tp kenapa sudah diupdate untuk buka e payslip kok gak bisa ya?
2021-12-03 13:12:52,"Setelah update malah ngacoo, download pay slip malah closing aplikasinya"
2021-12-02 18:04:07,Kenapa setelah pembaharuan tdk bisa membuka slip gaji... Saat di klik.. Slip gaji yg sudah ada Selalu kembali ke menu awal.
2021-12-02 13:07:04,makin di update makin jelek qualitas nya..
2021-12-02 12:58:21,Jos
2021-12-02 11:56:45,"Tidak bisa donlot slip,payah"
2021-12-02 07:30:21,Come om.... man.. niat gak bikin aplikasi... Gw emang g bisa bikin tapi gegara slip kertas ditiadakan mau gak mau harus pakai ini...
2021-12-02 07:03:29,Gmn ni epayslip g bisa di buka...
2021-12-02 06:30:02,"Gaji karyawan kontrak turun krn omnibuslaw spsi diem diem bae hadehh. Keadilah sosial bagi seluruh kartap ğŸ˜ŒğŸ˜Œ. Tolong lah pak kami juga sama sama kerja. Minta kesejahteraanya aja. Tp yg sering didapet ya paling ""bersyukur aja udah, mumpung masih kerja disini"""
2021-12-02 03:20:24,Sangat membantu
2021-12-02 00:52:41,Tolong di perbaiki aplikasinya....buat liat slip gaji gak bisa.
2021-12-01 23:44:15,Kok malah hancur gini aplikasi nya? Tdk bisa unduh slip gaji dan sering error setelah di update....
2021-12-01 23:37:46,"Setelah update Tidak bisa download Slip Gaji, aplikasi tiba2 keluar sendiri"
2021-12-01 05:55:51,Knpa gak bisa buka slip gaji ?
2021-12-01 03:19:45,Min tolong perbaiki keluar aplikasi saat membuka E pay slip
2021-12-01 02:30:18,Makin keren pake security code
2021-12-01 00:10:54,Ok
2021-11-30 22:32:13,Memudahkan dalam hal adm. dll di intern dan luar kerjaan
2021-11-30 22:14:14,Ok
2021-11-30 18:34:56,Kurang
2021-11-30 16:34:30,Setelah di update ko malah ga bisa dibuka ya apk nya?balik lagi ke update sama keluar
2021-11-30 16:23:03,Gak jelas updet mulu
2021-11-30 16:22:55,Parah nih liat E-payslip malah keluar sendiri .tolong di benarkan lagi takut nya ada orang yang butuh slip gaji buat DP motor /motor yg kredit .
2021-11-30 14:05:45,Mantappp
2021-11-30 13:09:37,Cerdas
2021-11-30 12:46:09,Mantul
2021-11-30 12:09:50,Njossss
2021-11-30 11:31:54,Install mulu
2021-11-30 11:06:20,Update mulu
2021-11-30 10:23:53,Maaf kasih 2 bintang aj...
2021-11-30 10:20:20,Udah update ttp gak bisa!!!
2021-11-30 10:04:52,Ok
2021-11-30 09:59:54,Oke
2021-11-30 09:56:59,Mantap
2021-11-30 09:50:26,Top
2021-11-30 09:14:36,Oke
2021-11-30 08:55:21,sangat puğŸ‘as
2021-11-30 08:53:56,Mantab...
2021-11-30 08:33:04,Baik sekali
2021-11-30 08:32:21,"Mendapatkan informasi dari Perusahaan lebih cepat,sebagai alat komunikasi antara keryawan dan pihak perusahaan"
2021-11-30 07:59:10,Gajelas udh di updet malah ga bisa di buka tulisan nya updet mulu
2021-11-30 07:55:55,"Aplikasi suka rewel , server sering down . Bisa di perbaiki lagi lah"
2021-11-30 06:57:39,"Sudah di update. Katanya ada feature baru. Tapi kenapa sekarang ga bisa unduh slip gaji. Jangankan unduh. Buat liat slip gaji yg bulan2 kemaren, ga bisa juga. Malah keluar sendiri dari aplikasinya. Mohon infonya, kenapa bisa gitu..."
2021-11-30 05:52:44,mau login koq ga bisa2 kesalahan 00008
2021-11-30 05:14:12,Belum bisa update versi terbaru
2021-11-30 04:51:56,Ok
2021-11-30 04:38:14,Sangat bagus
2021-11-30 04:31:36,Ok
2021-11-30 03:19:10,Mantap
2021-11-30 02:38:01,Oke
2021-11-30 02:21:06,Memudahkan
2021-11-30 01:31:28,Aplikasi bagus
2021-11-09 09:32:13,Jmbott
2021-10-30 22:36:19,Saya turunin dari 3 ke 1 bintang..karena updet mulu.. Katanya bug fix...eh bner2 FIX makin BUG aja ini..... Wwwooooooyyyyy ... Jgn cuma maunya didownload trus Untung mulu..benerin bner bner laaaahhhh.....
2021-09-06 00:46:30,Untuk pengajuan pinjaman Bpkb punya saya blm bisa
2021-08-25 13:41:49,Mantep
2021-08-21 09:59:59,"harapan saya pt ahm memberikan edukasi tentang masalah kekerasan di tempat kerja,sering dapet cerita dari temen2 ada yang atasannya suka main tangan,padahal cuman salah sedikit,dan salahpun manusiawi,kekerasan di tempat kerja bukan hal sepele dan tidak pernah ada training tentang cara lapor apabila kita mengalami kekerasan di tempat kerja,lebih bagus lagi di ahm mobile ditambahkan fitur lapor,karena walaupun banyak yang sudah jadi korban sangat jarang yang berani lapor."
2021-08-19 22:51:37,Good and easy
2021-08-18 09:13:56,Membantu sekali aplikasinya
2021-08-04 04:21:18,Sering error
2021-08-01 02:10:39,Server kadang lemot Mohon lebih di kuatkan lagi
2021-07-27 09:13:25,Jos
2021-07-26 11:35:18,Erorr mulu
2021-07-17 06:12:24,Diperbaruhin dong pilihan kpsmnya foto motornya tdk lengkap dan beat baru blum ada
2021-07-16 23:48:06,Kenapa di setiap login eror punya saya
2021-07-16 11:23:26,Bos ini knp keluar ngga bisa masuk lagi kodenya 0015
2021-07-16 06:38:14,"Habis update malah gg bisa login,,, payyah..."
2021-07-15 20:35:29,"Banyak yang bilang....masih banyak errornya.Terutama saat memakai mobile attendance.... Kacau....repot karena kesalahan system,yang bisa berakibat SPğŸ˜©"
2021-07-11 20:35:35,Oke deh sekarang
2021-07-02 23:16:55,Gak bisa di update ğŸ˜‚ğŸ˜‚ğŸ˜‚
2021-06-30 16:41:26,Sangat istimewa sekali...
2021-06-27 23:12:39,Susah bgt buat scan in/ out di mobile attandance. Problemnya Kalau Jaringan lemah. Samsek ga bisa konek.
2021-06-18 04:11:27,JossğŸ‘
2021-06-14 00:04:42,Aplikasi ga pernah bener... Muter2 loading terus padahal jaringan bagus
2021-06-13 05:06:57,"tolong kesejahteraan gajih karyawan kontrak AHM di perhatiin. jangan di samain kaya gajih Alfamart, tolong kebijakannya. contohnya yamaha bisa lebih memperhatikan karayawan kontrak nya"
2021-05-28 04:00:40,Aplikasi update mulu tapi kebanyakan error pas digunakan.
2021-05-01 22:19:34,"Mohon di cek ,, Log in lama.."
2021-04-30 08:11:32,Manfaat
2021-04-29 10:58:38,"Mohon diperbaiki min, untuk log in nya lama."
2021-04-29 06:21:05,Bad
2021-04-28 23:32:51,Sering gangguan server penuh
2021-04-28 23:29:17,1bintang dlu tar klo udah kaga lemot gue rubah
2021-04-28 23:27:50,Pake hosting gretongan kali ya apk sangad lemoddddd
2021-04-28 23:10:47,Server lemot xixixii
2021-04-28 22:44:22,Kenapa ga bisa log in yaa
2021-04-28 20:32:43,Server down parah
2021-04-28 18:13:22,Suka eror
2021-04-28 14:44:06,Ok
2021-04-28 09:56:17,"Masak habis di update malah gak bisa login,tolong lebih di perbaiki lagi."
2021-04-28 07:23:56,Bagus
2021-04-27 08:06:16,Terlalu banyak update
2021-04-27 06:02:11,Gak bisa login.. aplikasi apa ini...
2021-04-26 23:42:54,Oke
2021-04-26 20:45:22,Ok
2021-04-26 17:08:23,Terbantu
2021-04-26 15:37:56,Terlalu lama loading nya
2021-04-26 11:29:16,Ok
2021-04-26 11:12:13,Good
2021-04-26 08:49:55,Tingkatkan terus
2021-04-26 03:57:10,Sy sdh berulang kl login tp gak bs k buka jg pjsal username ataw password udh benar
2021-04-23 22:19:22,Bagus
2021-04-23 01:39:04,Bagus sekali ....sangat membantu
2021-04-22 13:34:57,Ok
2021-04-22 13:21:04,Update teruss
2021-04-22 09:10:43,Cukup
2021-04-22 08:52:07,"Update Mulu ningkat mah kaga ,malah makin lemot"
2021-04-22 07:58:47,Ok
2021-04-22 01:19:31,Ok
2021-04-21 23:15:49,Lumayan
2021-04-21 09:33:29,"Tuman Update, error, update, error"
2021-04-21 07:39:19,Komplit
2021-04-20 23:36:29,Jangan sering2 updatelah...
2021-04-20 23:28:25,Bagus dan mempermudah.
2021-04-20 23:25:21,Update mulu terooosss . Ngebug mulu terooosss !!!
2021-04-20 13:44:19,Hapus download ulang Hapus download ulang
2021-04-20 13:27:16,Minta update terus
2021-04-20 09:15:59,ok
2021-04-20 09:06:54,good
2021-04-20 08:48:44,"Good job, tingkatkan lebih baik lagi."
2021-04-20 07:57:43,Bagus
2021-04-20 05:51:12,"Mohon di perbaiki, jangan bentar bentar update troosssss"
2021-04-19 07:57:38,Dodol tahu
2021-04-16 23:52:09,Perlu ditingkatkan lagi.
2021-04-14 08:59:13,Bagus Aplikasi nya Bisa sangat lah membantu
2021-04-13 13:12:05,"Mohon perbaiki server nya min, saya mau cek absensi pas udah di klik malah disuruh login ulang.. Pas udah login ulang eh sama aja terus kek gitu disuruh login ulang kembali Mohon respone min, terimakasih sebelum nya ğŸ™"
2021-04-08 15:55:32,"ini aplikasi cuma bisa liat data doang, scan in gua ga kebaca tgl 30 maret bikin memo tgl 31 maret di aplikasi gak updateÂ² sampe sekarang tgl 8 april, bikin fitur upload memo lah min!. biar yg absen nya bermasalah bisa update memo mandiri dgn cara foto memo, nnti tinggal di verivikasi oleh pihak HRD, KARENA KADANGKALA ADMIN SEKSI SIBUK!!!.. buat anak kontrak TA 1 sangat berpengaruh untuk nasib kedepannya loh.!."
2021-04-07 01:49:46,Kacauu bermasalah mulu
2021-03-29 22:46:38,"Harap d tingkatkan lagi,"
2021-03-24 19:44:34,Yaya ok
2021-03-24 12:27:34,"Kaya nih yg bikin apk..dikit"" update..barangkali buat tim IT kopkar ahm mau bikin aplikasi kopkar untuk anggota,bagus tuh...IDP nih"
2021-03-22 07:04:44,Ok
2021-03-20 02:34:56,Bagus
2021-03-19 09:58:39,Mntap
2021-03-17 08:47:25,Mantap
2021-03-17 03:43:54,Luar biasa
2021-03-15 04:15:11,lumayan
2021-03-14 21:13:31,Tetap semangat
2021-03-14 12:19:36,Lola updte mulu suka error
2021-03-13 16:45:15,Yeer
2021-03-13 12:33:14,Good
2021-03-13 00:12:31,Good
2021-03-12 22:26:53,Mantapppp
2021-03-12 19:00:44,mantap kali
2021-03-12 06:55:52,Untuk submit masih lama. Mohon bisa diperbaiki. Agar lbh cepat lagi.
2021-03-12 00:05:28,Keren
2021-03-11 18:20:29,Saya lebih banyak melakukan update daripada membuka aplikasinya
2021-03-11 13:58:24,Ok
2021-03-10 11:35:01,Ini aplikasi lemot bangeettt....ga ada yang lebih lemot lg apa yakk......
2021-03-10 10:03:05,Bagus sekali
2021-03-10 01:43:30,"Masih perlu banyak penyempurnaan, update terakhir selalu mengarahkan login ulang, padahal mendesak mau Buat cuti."
2021-03-09 16:16:40,"Sangat membantu sekali buat pengecekan absensi, mantap dah AHMğŸ’¯"
2021-03-09 14:59:10,Bagus
2021-03-09 13:18:17,Bagus
2021-03-09 11:12:10,Bagus bgt
2021-03-09 09:44:35,Maju terus
2021-03-09 09:07:31,Assalamualaikum
2021-02-25 08:14:12,Mantap
2021-02-15 06:49:46,Pcx 160 belum ada di list kpsm .
2021-02-12 04:23:23,Bagus
2021-01-30 10:05:46,Tolong tambahkan fitur notifikasi pop up jika ada masalah dengan scan kehadiran absen harian!
2021-01-29 23:38:50,Parah gwa ngprik kok gak masuk pas tadi pulang shif 2 trus ini gwa sabtu lembur prik in blm masuk parahhh bangettt sering eror
2021-01-04 11:47:22,Ok aja
2021-01-04 03:28:16,Memuaskan
2021-01-02 07:03:04,msh belum bs login sdh 4 hari
2020-12-31 13:05:33,Aplikasi ribet.sering error
2020-12-30 19:47:58,Good
2020-12-28 13:13:24,Kenapa ga bisa masuk ya min
2020-12-16 02:42:40,Kita ini karyawan lho ingat jgn menjelek jelekan tempat kerja sendiri
2020-12-04 12:53:05,Salam satu hati
2020-11-27 09:50:24,Ok bos Honda
2020-11-19 17:10:30,"Update terus, kagak becus becus."
2020-11-17 23:07:12,Jelek kebanyakan update tau duit
2020-11-17 04:26:56,Ok
2020-11-16 05:00:25,Mantul
2020-11-16 00:26:14,sangat membantu saya untuk informasi terkait pekerjaan
2020-11-15 17:09:20,server kadang down
2020-11-13 09:08:29,"Server penuh mulu.... Baru di update, error' Mulu. Ni serius ga sih? Bikin aplikasi"
2020-11-13 08:33:20,Memudahkan
2020-11-13 07:30:21,Oli nya mantap s
2020-11-12 15:01:24,Udh update lagi aja hadeh
2020-11-12 03:26:53,Ok
2020-11-10 17:27:38,Ok
2020-11-09 23:02:42,Ok
2020-11-09 08:48:28,Lemot
2020-11-09 05:56:37,"Parah,sering erorr dan kurang pas penggunaan nya,knp ga di gabung semua Shc,medicare,oh iya AHM mobile nya aja sudah susah masuknya..?sering eror lagi"
2020-11-08 14:18:23,Ok
2020-11-06 06:26:23,Mantaps
2020-11-05 23:54:08,Keseringan update
2020-11-05 21:50:33,Sangat membantu
2020-11-05 12:45:21,Masih banyak yg menyulitkan .. Pengalaman baru saat pengajuan ketidak hadiran ( orang tua meninggal) sehabis di-update tdk bisa SUBMIT SUKSES
2020-11-05 12:06:04,Makin good
2020-11-04 15:33:35,"Tjakep, lanjutken anak muda..."
2020-11-04 13:06:08,Top
2020-11-04 12:55:05,Kurang memuaskan.
2020-11-04 09:28:49,Sering update kenapa tidak bikin aplikasi 1 sekalian biar tidak update terus
2020-11-04 09:13:15,Terima kasih
2020-11-04 09:01:17,Sangat membantu
2020-11-04 09:01:09,Update terus sedangkan buka appnya aja lola
2020-11-04 07:03:45,Mantap
2020-11-04 06:27:07,Nice
2020-10-28 04:54:06,Ok mantabs
2020-10-27 16:38:57,Nyusahin
2020-10-25 03:52:39,Sering terjadi error sistem
2020-10-24 07:04:42,Pilihan motor di menu KPSM tidak lengkap krna ad bbrapa pilihan warna yg tidak tercantum contoh:All New Beat CBS ISS Silver tidak ada :(
2020-10-01 07:59:34,Masih sering error
2020-10-01 00:40:41,"Mau ajuin KPSM,server bermasalah terus. Ada masalah apa sebenarnya?"
2020-09-30 15:16:22,Alhamdulillah segala sesuatunya menjadi mudah
2020-09-29 16:43:39,Kerap eror
2020-09-28 07:17:44,Ok
2020-09-27 12:23:55,Abdete terus cuy hh
2020-09-26 10:12:46,Keseringan update
2020-09-25 04:12:05,Membantu
2020-09-24 23:52:23,"Dikit2 update,sbntr2 update.nih aplikasi dipake tiap hari coyy & penting buat ngecek absensi kita..tp asal mau dipake suruh update mulu sementara jaringan internet di pabrik memble,mlh jd nya nyusahin karyawan"
2020-09-24 14:40:02,Masuk nya susah/ga bisa
2020-09-23 23:57:07,Sering banget error gajelas Wkk
2020-09-23 12:37:45,Blom lama Update dah minta update lagi...ğŸ¤¦â€â™‚ï¸
2020-09-23 08:49:11,Ok
2020-09-23 00:41:58,Keseringan minta update Kalo bukan karena ingin lihat absensi n slip gaji mah males update update terus..masa minta update bisa beberapa kali dalam sebulan Perbaikilah min
2020-09-23 00:05:44,Update mulu yg bikin apk makin kaya kita yg rakyat ora ada lembur
2020-09-22 00:53:10,"Tiap bntar update trs,tp makin ga jls nih apk .yg bkin nih apk bloon apa emg sngaja nyari duit.oi honda lg pait bgini bkan nyavmembantu mlah bkin susah"
2020-09-22 00:41:30,Sering eror gak langsung update hasilnya
2020-09-22 00:06:59,Aplikasi error lemot Tolong di perbaiki lagi
2020-09-21 21:28:19,bagus
2020-09-21 08:49:38,Banyak hal yg perlu dperbaiki
2020-09-21 06:41:13,Update aja terooooss. Aaassuuuuu kontol
2020-09-21 04:22:02,"Abis di update mlah gabisa ngisi shc lagi di ahm mobile, harus ke b2e jadi ribet"
2020-09-21 03:45:23,"Keseringan update, klo mau buat nanggung bgt.. buat full adm skalian, daftar antrian renovasi skalian di buat, jd ga tanya2 HRD trs, biar ga ada sistem sodok.."
2020-09-21 01:36:39,Jaringan baik
2020-09-20 22:57:46,"Baru juga kemarin update kok sekarang update lagi, jadi males buat make"
2020-09-20 15:28:56,Shc mana?lenyap?
2020-09-20 01:58:05,sudah kembali normal. mohon lebih stabil
2020-09-19 22:13:00,sering ngadat
2020-09-19 15:18:36,"Baru update satu hari kemaren udah minta update lagi, enak amat nyari duitnya dari update"
2020-09-19 08:13:05,Mantap
2020-09-19 01:27:52,Ok
2020-09-18 17:29:37,Baru tadi update sekarang minta update lagi
2020-09-18 15:33:10,Ok
2020-09-18 14:21:12,Mudah digunakan
2020-09-18 13:28:07,Bagus
2020-09-18 12:46:21,Oke
2020-09-18 11:54:32,Update terussss (â€¢[.]â€¢)
2020-09-18 10:06:42,"Ada apa dengan upgrade versi ini, kenapa mobile attendance tidak bisa? Klik menu apa yang keluar malah beda."
2020-09-18 09:58:58,"Semakin buruk!!!!! Habis uldate malah ngaco, yg di klik apa yg keluar menu lain!!!"
2020-09-18 09:33:59,Mantap
2020-09-18 09:06:22,good
2020-09-18 09:04:36,Kudu lebih cepat perbaikan
2020-09-18 08:48:54,"Minta update mulu, risih, ribet!"
2020-09-18 07:04:48,Ok
2020-09-18 06:23:38,Habis update langsung ngaco....... Gimana nih?
2020-09-18 06:14:19,Kbnykn erorrnya....
2020-09-09 22:57:24,Lumayan bagus
2020-08-31 13:55:29,Ok
2020-08-29 07:22:42,"aplikasi apaan ini,di update ko malah ngga bisa kebuka"
2020-08-18 11:06:20,Susah dibuka
2020-08-06 22:08:31,Parah server down mulu bikin susah log in pdhl sinyal kenceng
2020-07-29 04:16:45,Tolong untuk pengisian cuti non cuti besar ada rumusan sesuai dg PKB biar memudahkan pengisian dan mengetahui jumlah cuti yg diterima karyawan...banyak kejadian yg cutinya harusnya dapat 3 hari cuma ambil hari..ada yg 2 jg itu terjadi karena ketidaktahuan dari informasi dari PKB apalagi untuk anak baru...terimakasih
2020-07-28 08:52:18,Parah absen ga keliatan saua TA 2x
2020-07-26 23:12:53,"Server e lemod , sekelas ahm kok aplikasinya Abal Abal"
2020-07-24 08:30:23,Sangat sangat buruk.. login susah stengah mati.. sosialisasi wajib digunakan sblum masuk kerja ... perbaiki dulu servernya biar gak ngelag bandwichnya digedein ...
2020-07-23 22:54:33,Jozz
2020-07-23 22:35:58,Loading nya agak lama
2020-07-23 21:13:52,Susah di buka
2020-07-23 15:31:24,Sangat membantu
2020-07-23 12:12:45,Min. Ko saya udah download berkaliÂ². Kenapa aplikasi nya ga bisa di buka terus ..
2020-07-23 00:00:23,Terlalu sering update
2020-07-22 08:36:20,Mangkin lengkap
2020-07-22 08:02:24,Lancar
2020-07-22 04:21:08,Ok
2020-07-22 03:21:54,Terus improved... Mantapu...
2020-07-22 02:29:05,"Saran aja, untuk menu kotak masuk, di singkron kan aja ke email astra / intra, biar lebih praktis kalo mo ngecek email."
2020-07-22 01:55:31,Mantap
2020-07-22 00:20:05,"Aplikasi ahm mobile keren ,mudah dipahami dan sangat mambantu untuk karyawan ahm"
2020-07-21 23:46:44,Semua jadi lebih mudah
2020-07-21 23:45:26,Bendino kok ngupdate teros ki
2020-07-21 23:40:30,Oke
2020-07-21 23:38:13,Terbantu
2020-07-21 22:59:43,Kurang pro
2020-07-21 12:40:27,One Heart
2020-07-21 11:41:50,"Salam satu hati, semoga ahm tetap maju. Aamiin"
2020-07-21 11:02:22,Ribet
2020-07-21 10:16:59,Guud lah
2020-07-21 10:13:15,Aplikasi kadal buduk minta update mulu
2020-07-21 10:02:57,Good
2020-07-21 09:20:45,Biar bintang lima yang bicara ğŸ˜
2020-07-21 09:04:41,Terllu banyak update
2020-07-21 09:01:09,oke
2020-07-15 00:27:58,Login susah eror trus
2020-07-14 11:50:02,Sering error autentifikas 00013.Gmn nih mo ngecek absen.Sering bgt ky gini.
2020-07-11 16:30:24,Good
2020-07-09 19:35:56,"tiba tiba log out sendiri dan ga bisa login lagi udah di coba terus download hapus download hapus tetep aja ga bisa masuk, dah lah :("
2020-06-26 07:40:23,Ok oke
2020-06-13 06:47:19,"Min, gambar motor di menu KPSM ga muncul nih. Minta tolong donk."
2020-06-06 12:27:44,Jos
2020-06-01 23:55:57,Aplikasi sering eror mohon perbaikkannya seperti aplikasi blm siap...
2020-05-31 12:16:51,90204 PTPL
2020-05-25 17:04:05,"Aplikasi ky tai, pembaharuan mulu kwalitas ble'e"
2020-05-19 16:01:25,Helpfully
2020-05-19 05:49:43,Apk ora mutu.
2020-05-18 12:35:10,Sangat perlu
2020-05-17 13:47:28,Perasaan sering minta update mulu neh aplikasinya.....?
2020-05-05 07:09:30,sering error
2020-05-05 00:45:22,Suka eror
2020-05-04 23:29:47,"Min, koq menu mobile attandance nya ga bisa ya.. Tiap di klik balik k menu utama. Jd aq ga bs scan in n scan out saat WFH. Keterangan nya jadi TA melulu. Udah coba clear cache, log out trus log in lagi. Udah uninstall dl aplikasi nya trus re install lagi... Hasilnya pada bae. Gimana nih..??"
2020-05-04 23:25:21,Force close terus woi
2020-05-04 22:30:58,"Load server terbatas??? Selalu masalah saat WFH, bolak-balik uninstall-install tdk menyelesaikan masalah. Masih susah masuk scan di mobile Attendance."
2020-05-04 21:40:08,Ga bisa dibuka terus nih.. Di iphone tolong di sediakan dong !!!!
2020-05-04 21:36:18,Kebanyakan bug..absen nutup sendiri trus mempersulit kerjaan
2020-05-04 21:33:40,"Kenapa load server penuh dari kemarin sampe sekarang gk bisa akses mobile attendance, mohon segera diperbaiki karena absen bergantung pada aplikasi ini dikala WFH"
2020-05-04 03:45:51,Bagus
2020-05-03 22:31:04,Good
2020-05-03 22:29:08,Pagi ini mobile attendance bermasalah lagi..permasalahan dibugnyağŸ˜’
2020-05-03 22:17:36,Loading terlalu lama..perbaiki lagi biar lebih cepet.
2020-05-03 21:34:56,"hp saya yang jelek,sinyalnya yg jelek atau ğŸ¤”"
2020-05-03 19:27:14,Tidak bisa akses mobile attendence selalu keluar. Absen jadi ga bisa. Jgn minta update terus tp malah ga bisa akses bikin susah
2020-05-02 09:11:36,Keseringan pembaharuan...
2020-05-01 01:25:30,Terlalu sering update. Isinya ga banyak berubah. Jd terganggu kl sdang mendesak. Musti upgrade aplikasi dlu
2020-04-30 22:00:49,Sudah banyak yang komplain gara-gara minta update terus..tolong perbaiki sistemnya dan tolong di respon dengan baik. Kita memakai aplikasi ini ingin mempermudah bukan malah di persulit.
2020-04-30 15:51:30,Kebanyakan update ga jelas
2020-04-30 08:58:18,KeseÅ•ingen update..
2020-04-30 06:56:48,Sangat membantu
2020-04-30 05:27:51,Nice
2020-04-30 03:59:48,Ok
2020-04-30 00:44:38,AHM adalah sawah ladang kita yg harus kita jaga bersama
2020-04-29 17:17:59,"Setelah di update tidak makin bagus. Saya jadi ga bisa scan out, selalu muncul ""server tidak dapat merespon aplikasi"". Hmm :("
2020-04-29 11:10:01,Mantaap
2020-04-29 08:13:40,Sue
2020-04-29 07:40:16,Ok
2020-04-29 06:42:03,Tambahin notifikasi scan in Ama out dong....plus jarangin updatenya napa
2020-04-29 06:30:49,"Satu kata fucek , update Mulu tapi makin jelek asw, kalau kaga bisa mending buat game RPG aja,"
2020-04-29 05:28:26,Good
2020-04-29 03:56:34,Nyusahin karyawan Susah sekali ngajuin laporan ketidak hadiran karena di Rawat di RS Tlolong bantuan nya cara upload surat keterangan dari RS sudah bolak balik ngga bisa bisa Aplikasi kok nyusahin Boros kuota apa ada imbal balik buat karyawan ?Yg ada karyawan repot sendiri Kita ini di indonesia kenapa mesti menggunakan bahasa inggris ? Tolong ganti menggunakan bahasa indonesia saja Update br seminggu minta upsate lagi ngabisin kuota aja
2020-04-29 02:30:25,Aplikasi ga jelas
2020-04-29 02:30:14,"Saya sudah lunas kpsm, tp kenapa masih belum bisa ngajuin lagi ? Tulisannya pembayaran belum selesai, pdhl saya sudah lunas"
2020-04-29 01:38:46,ğŸ‘
2020-04-29 01:25:11,Ok
2020-04-28 23:53:46,Masa tiap bulan update mulu
2020-04-28 22:42:30,Semoga kedepanya ada notifikasi buat absensi pada saat absen.
2020-04-28 21:46:44,ga bisa melulu nih klo update padahal sinyal jos...
2020-04-28 15:58:07,Salam satu hati
2020-04-28 15:44:04,Loading cepat
2020-04-28 14:51:52,Payah sering minta update terus.... terakhir update tgl 27 april 2020 masa tgl 28 April 2020 di minta update lagi... Mohon lebih baik lagi...
2020-04-28 14:14:37,Tolong tmbhkn notifikasi jika sdh scan in atau scan out dan notifikasi update ahm mobile biar klo lemot bisa sgra di updte
2020-04-28 14:07:30,Tidak ada iklannya
2020-04-28 13:44:31,"Aplikasi minta Update terus ,,masa tiap minggu update"
2020-04-28 13:23:22,"sering ga bisa dibuka, klo lg urgent mau DL ato cuti jd TA gara2 nih aplikasi sering GAJE.. ga ada kompensasi otomatis pula, tetep aja jd TA.. saya yakin banyak yang pinter di IT sini, tp tolong diperbaiki jangan asal2an dikejar deadline dari BOS jd bikin aplikasi ini SEADANYA YG PENTING ADA dulu.. F*** ud gitu lebih seringan update-nya drpd bisa kebukanya.."
2020-04-28 12:08:29,masa iya setiap bulan update app sampe 3X tp app msh gituÂ² aja susah dibuka mohon ditingkatkan lagilaah stiap update makin susah dibuka
2020-04-28 11:59:46,Mantul
2020-04-28 10:45:50,Good
2020-04-28 10:44:33,Tingkatan lagi. Kelebihannya otomatisnya jgn lemoot soalnya sering banget ganti2 aplikasi
2020-04-28 09:57:32,Effective
2020-04-28 09:56:14,"Kenapa harus selalu update pembaruan padahal baru 1 hari di update,"
2020-04-28 09:11:11,Terlalu sering up date bos...
2020-04-28 09:04:37,Bikinan siapa sebenernya ?? Kok ga joss !!
2020-04-28 08:53:51,Masih perlu perbaikan.masih dua hari harus update
2020-04-28 08:01:11,mengapa mina di update setiap hari ya?
2020-04-28 07:40:08,mantap
2020-04-28 07:29:42,Mantul
2020-04-28 07:10:54,mempermudah administrasi...
2020-04-28 07:06:31,"Baru di update seminggu yg lalu, kenapa ini minta di update lagi, aplikasi nya jelek, masa belom ada sebulan udah minta update 3x yg bener aja, di kita paket tinggal mintakğŸ˜’"
2020-04-28 06:50:16,Payah Update terus gada perubahan signifikan
2020-04-28 06:46:04,Honda JAYA!!
2020-04-28 06:43:48,"Update mulu ,,,"
2020-04-28 06:32:27,Oke bgt
2020-04-28 06:27:20,Kalo mau cek slip selalu pembaruan.tax
2020-04-28 06:26:28,mantap
2020-04-28 05:33:53,"Aplikasi dipakai jarang di-update sering, hadeh payah..."
2020-04-28 04:47:35,Saya kasih bintang aja habis terlalu sering downlod ulang
2020-04-26 07:55:34,Update mulu
2020-04-24 18:40:04,Sangt membantu dalam pekerjaan saya
2020-04-24 11:46:59,Responsibilitas apknya masih lambat
2020-04-24 02:36:10,Laporan
2020-04-23 22:36:36,Sering Bugs
2020-04-23 10:47:30,Kaloa ada yg bug itu tergantung dari hpnya dan kekuatan jaringan.
2020-04-22 15:20:52,Sangat membantu
2020-04-22 14:56:37,"Cukup bagus, sering update karena tuntutan target bisa mengakomodir hampir mayoritas keperluan karyawan PT AHM.."
2020-04-21 20:08:14,Mantap
2020-04-21 09:39:46,Perbaiki bugs nya... Update nya lama
2020-04-20 14:36:58,Deneng sering update sii
2020-04-20 13:24:51,Aplikasi kga jelas
2020-04-20 13:00:43,Sering error
2020-04-20 12:40:35,Jos
2020-04-20 10:11:03,ok
2020-04-20 07:35:12,Bagus
2020-04-20 03:45:36,Keseringan minta di update
2020-04-19 23:19:00,Top
2020-04-19 22:57:34,Sangat membantu
2020-04-19 22:52:08,OkayğŸ‘
2020-04-19 15:13:49,Tolong perbaiki sekarang kok ga bisa login.. Mau ngecek data gabisa jadinya.. hadeh ğŸ˜¢
2020-04-19 12:07:23,Keseringan updet
2020-04-19 11:32:40,Sangat membantu
2020-04-19 00:43:44,Aplikasi jozzz mantaaap
2020-04-18 23:03:51,"Keren, mempermudah karyawan"
2020-04-18 12:21:51,Nyusain sering update klw kuotanya habis gimanah ?hadew
2020-04-18 10:51:45,Ok
2020-04-18 10:12:01,Update mulu
2020-04-18 09:46:37,Good
2020-04-18 05:23:40,Top
2020-04-18 04:07:20,Sering error nggak bisa dibuka.. Mungkin sudah harus update cuma opsi update nya nggak muncul.. Tapi setelah update lumayan lancar
2020-04-17 13:14:45,optimal
2020-04-17 11:59:28,Ok
2020-04-17 09:19:18,"Membantu, mempermudah.."
2020-04-17 05:20:14,"tolong tambahin fitur notifikasi ketika sudah Scan IN / OUT dong.. jadi setelah absen nanti dapet pemberitahuan di status bar entah email, sms, atau dari ahm mobile nya.."
2020-04-17 00:57:10,Lebih mudah dipahami
2020-04-17 00:26:33,Ok
2020-04-17 00:02:14,Ok bangey
2020-04-16 23:35:47,"Aplikasi kebanyakan bug, kebanyakan update mulu"
2020-04-16 16:52:27,Sering error
2020-04-16 13:51:54,Aplikasi AHM mobile sering error Harus koreksi absen
2020-04-16 12:14:45,Mantap
2020-04-16 11:48:29,Aplikasi ini simbol kemajuan teknologiğŸ‘ğŸ‘ğŸ‘
2020-04-16 11:32:54,Lebih ditingkatkan lagi fungsi dan kemampuan aplikasi agar tidak sering tertutup sendiri saat sedang digunakan. Terima kasih
2020-04-16 10:57:24,Mohon di buatkan live chat biar memudahkan karyawan jika ada kendala.
2020-04-16 04:24:43,Ok
2020-04-16 03:25:35,Open close klo dibuka aplikasinya
2020-04-16 00:13:40,"Aplikasi keluar terus, gak bisa masuk2, udah un-install dan install ulang"
2020-04-15 23:54:06,Gmn nih ahm mobile bru d buka pas msuk trs ilang nya cepet bener bru mw dlihat ..tolong d perbaikin lg tuh aplikasi biar gampang d aksesnya .mksh
2020-04-15 23:48:00,Saat ini aplikasi error
2020-04-11 21:26:58,Aplikasi kacau
2020-04-08 08:54:13,Kecewa apdet terus.. dimohon untuk d perbaiki lagi ya...
2020-04-04 00:50:30,sering error. membuat pengguna harus login ulang. kadang saat login juga sering gangguan. akibatnya tidak bisa login. dan tidak ada panduan fungsi setiap fitur yang ada di dalam aplikasinya
2020-03-31 23:34:46,Jdi lemot pas login ... apakah sistem nya down
2020-03-31 11:27:04,Gak bisa download slip gaji PDF
2020-03-31 11:25:09,Update malah bkin ga bisa log in :(
2020-03-30 10:20:06,E playsip kenapa gabisa dibuka
2020-03-29 23:07:15,Aplikasi bagus dan sangat membantu sekali. Kelemahannya sering offline tolong diperbaiki lagi agar bisa online terusss....
2020-03-29 18:44:54,Mantap tingkatkan terusss
2020-03-29 12:33:53,top
2020-03-28 03:16:01,Buka epayslip ko ga bisa ya
2020-03-28 01:00:31,mantul
2020-03-27 14:34:57,Applikasi ko minta update mulu...hemmmm
2020-03-27 13:42:02,Oke
2020-03-27 12:50:40,Kok saya ga bisa liat slip gaji? Gimana caranya liat slip gaji?
2020-03-27 12:23:07,"Sangat membantu, salam SatuHati"
2020-03-27 07:19:53,Sering update
2020-03-27 01:50:58,Good
2020-03-27 01:04:18,OK
2020-03-27 00:50:15,Membantu dengan cepat
2020-03-26 23:56:33,Good
2020-03-25 23:13:00,Baik
2020-03-25 12:17:23,Tolong perbaiki yang sering error2 itu.
2020-03-25 05:20:32,Dont
2020-03-24 11:29:06,Jelek. Mesti up gred mulu
2020-03-24 08:01:55,Ok
2020-03-24 03:05:39,Ok
2020-03-23 23:34:13,mempermudah proses administrasi
2020-03-23 23:32:23,up
2020-03-23 23:32:06,Mengapa data2 di b2e tidak di ahm mobile sekalian.
2020-03-23 18:53:26,Lumayan dari pada yg dlu
2020-03-23 14:21:50,Aplikasi cemen..pebaharuan mulu..
2020-03-23 12:40:00,Cepat akurat
2020-03-23 12:19:15,Mantaps
2020-03-23 12:02:03,Mantab...
2020-03-23 12:00:58,Ok
2020-03-23 08:35:30,Baru 2 hari update...mnta update lg...hadeeh...abal2 banget
2020-03-23 08:27:17,Terlalu banyak pembaruan tanpa perubahan. Masuknya susah
2020-03-19 23:58:34,Ok mantap
2020-03-19 02:32:22,Ok
2020-03-18 15:50:34,Good job
2020-03-18 11:29:14,Gak bisa buat buka slip gaji
2020-03-18 00:10:25,Oke banget....
2020-03-17 22:54:42,Ok
2020-03-17 09:08:42,Update terus gak ada perubahan mau masuk aja susah padahal jaringan oke. Cari untung terus lewat pembaruan. Goblooookkk!
2020-03-15 06:16:18,Ga bisa login.Kode kesalahan 00003.Ud login pake HP lain jg tetep ga bisa. Gmn ngecek absen DLL. Makin lama tmbh bikin susah.
2020-03-14 13:39:28,ok
2020-03-14 06:25:17,Kebanyakan di update...
2020-03-13 23:38:15,"Ibarat kata update itu cuma buat nambah adsense google, coba atuh di update terlihat perbedaannya. Sekelas perusahaan bonafit loh, masa iya punya apk sering bug, lemot."
2020-03-13 17:08:25,Tips
2020-03-13 17:01:55,Mantap
2020-03-13 07:55:54,"Update mulu fitur sama, bikin pusing yang punya aplikasi"
2020-03-13 07:43:02,Cakep
2020-03-13 05:33:42,Bagus
2020-03-13 02:05:41,gud
2020-03-13 00:54:50,"susah lodingnya,baru d updat ,buka suruh updat lagi,mau laporan,aplikasinya lelet."
2020-03-13 00:21:12,Ok
2020-03-13 00:07:37,ok sipppp
2020-03-12 23:47:35,Terlalu sering pembaruan
2020-03-12 23:36:19,jos
2020-03-12 17:28:11,Sangat membantu
2020-03-12 16:50:13,Bagus
2020-03-12 16:42:17,Cukup bagus
2020-03-12 12:16:07,Ok
2020-03-12 12:02:07,Bagus sekali
2020-03-12 11:10:01,"Mohon di tambahkan notifikasi di hp lgsg setelah scan in/out, untuk mempermudah kita kontrol absensi sudah masuk apa belum.. Trima kasih"
2020-03-12 10:03:56,"Terima kasih sudah membuat aplikasi ini sangat membantu dalam hal absensi , dll .. masalah /bug pasti ada karena saya tau susahnya buat aplikasi & ini sudah terbaik , terima kasihh team developer"
2020-03-12 09:46:55,Ok
2020-03-12 08:51:49,Ok
2020-03-12 06:17:08,Untuk update perlu memory besar
2020-03-12 05:58:38,Good
2020-03-12 00:13:00,"error code 00013. ""Tidak dapat melakukan autentikasi pengguna external"""
2020-03-11 23:56:35,Kembangkan terussğŸ‘Œ
2020-03-11 23:52:00,Joossss.....
2020-03-11 23:47:54,Tob
2020-03-11 23:39:16,"update mulu tapi tidak ada peningkatan. loading lambat, server sering error. SAYA KECEWA dgn aplikasi ini."
2020-03-11 23:39:12,"Kam***t udah susah login,update terus ğŸ˜ªğŸ–•"
2020-03-11 23:29:35,Mendukung
2020-03-11 18:12:34,Mantab
2020-03-11 16:36:52,Uapik tenan
2020-03-11 16:30:55,"Udah update login gagal trs, kode kesalahan 00013. Mohon penjelasan nya hp xiaomi mi max 3"
2020-03-11 16:12:14,"Tolong lah biar bisa masuk, sangat menyulitkan karyawan buat lihat absen"
2020-03-11 13:46:46,Baru di download udah ga bsa di buka.ehh minta di update lagi..aduuhh
2020-03-11 12:10:48,Ok
2020-03-11 12:10:10,Siip
2020-03-11 12:00:18,Ok
2020-03-11 11:44:36,Habis Update susah banget login nya.. Hadeuh !!
2020-03-11 07:15:05,"Mohon pihak yg berkaitan. Saya gabisa login, udah hampir seminggu. Terimakasih"
2020-03-11 06:48:52,G bsa login
2020-03-11 03:12:01,Woooy ga bisa login kode kesalahan 00013 mulu apaan nich
2020-03-10 17:30:43,Log in susah
2020-03-10 16:47:53,"Aplikasi tidak berguna, tolong pihak honda benarin ini aplikasi nya karna tidak login..."
2020-03-10 16:38:43,Aplikasi lemot dan sering error
2020-03-10 01:46:34,Sangat membantu
2020-03-07 08:02:26,"Aplikasi Sudah Oke , Lebih oke lagi Kalau di Tambahin Info Libur Kerja Untuk Tahun Ini 2020"
2020-02-29 17:37:46,yang tadinya ga ribet jadi ribet..sejatinya maju dalam kemunduran
2020-02-28 06:30:50,Maju terus ahm
2020-02-28 02:40:42,"Sering kali menu tdk bisa d buka, harus di un-install . Download ulang ğŸ˜’"
2020-02-27 09:09:51,"Dear tim IT ahm,,,cb d buat notif ketika scan in dan out,,krna klo cek d apknya loading ke servernya lamaaaa,,krna kesibukan dan kbutuhan sehingga lupa tuk scan in atau out,,,buatlah permudah bukan mempersulit,,terutama notif atau servernya agar d percepat supaya lebih mudah saat mengakses apk ahm mobile,,tks sblmnya"
2020-02-24 14:54:03,Layanan mantap
2020-02-23 08:56:45,Usulan kalo bisa dibuatkan notifikasi muncul diatas layar handphone. Ketika melakun scan in dan out.
2020-02-20 10:44:56,Bagus
2020-02-17 09:35:25,Amazing
2020-02-15 09:40:47,Aplikasi lemot...
2020-02-14 02:52:22,Bagus
2020-02-12 19:45:39,Approvale pengajuan motor dr loan officer lama
2020-02-11 13:08:23,Pokok'e Joss
2020-02-11 01:17:51,Cepat
2020-02-07 01:14:03,Oke bangat.. Salam OneHeART
2020-02-05 16:10:09,Ga ada data mulu
2020-02-05 06:55:50,Lemot amat
2020-02-04 21:51:40,Bagus
2020-02-03 21:57:33,bagus bgt
2020-02-02 23:27:04,3 * dulu
2020-02-02 12:51:43,Jos
2020-02-02 11:19:12,Aplikasi yang nyaman
2020-02-01 01:21:51,ğŸ‘
2020-02-01 01:16:40,Kerens banget aplikasi nya
2020-01-31 23:24:10,Aplikasi yang sangat membantu keseharian karyawan AHM # Bisa cek absen setiap hari # Bisa cek saldo medical # Bisa membuat pengajuan ketidakhadiran
2020-01-31 14:07:56,buat apa ada menu pass pengeluaran barang kalau di plant 4 & 5 masih harus pake yang manual dari logistik..
2020-01-31 11:03:21,Mantab
2020-01-30 18:27:00,Sangat membantu
2020-01-30 16:02:32,Sangat membantu sekali
2020-01-30 14:50:59,Top
2020-01-30 11:43:12,joz gandoz
2020-01-30 09:10:07,Lihat dulu terkadang lemot
2020-01-30 02:37:50,Loading
2020-01-30 01:50:16,Mantab
2020-01-30 01:30:18,Jooosss
2020-01-29 16:51:00,Joz
2020-01-29 13:42:32,Aplikasi bagus..cmn minta perbarui trus
2020-01-29 11:02:05,Mantafff
2020-01-29 09:09:38,Baik
2020-01-29 08:51:28,Aplikasinya mazih buruk banyak errorny
2020-01-29 08:37:40,Ok
2020-01-29 07:19:50,Jadi lebih baik.. Good job
2020-01-29 06:08:11,Ok
2020-01-29 05:44:08,Sering update
2020-01-29 04:50:30,Ok
2020-01-29 04:27:13,Goodjob
2020-01-29 03:39:38,Ok
2020-01-28 19:39:46,"Memudahkan mendapat informasi"" di perusahaan.. salam satu hati.."
2020-01-28 18:00:46,Keseringan minta update..komersil banget ğŸ‘ğŸ‘
2020-01-28 13:00:04,Mempermudah
2020-01-28 12:41:36,Joussss... Mau update muter2 kaya ...gangsing
2020-01-28 12:05:12,Jos
2020-01-28 08:49:10,ok
2020-01-28 08:07:07,Mantap
2020-01-28 05:08:07,Lebih detail lagi
2020-01-28 04:50:48,Good
2020-01-28 02:55:55,Jos
2020-01-28 02:38:32,Bagus
2020-01-28 02:32:50,We love honda sangat membantu.. terimakasih
2020-01-28 02:13:43,Top
2020-01-28 00:51:47,Lebih di tingkatkan lg
2020-01-28 00:27:33,Oke
2020-01-28 00:23:29,Ok Banget Terima Kasih
2020-01-28 00:10:33,Mantap
2020-01-28 00:03:28,Ok sajalah
2020-01-28 00:01:37,Bagus
2020-01-27 23:55:20,Sangat bermanfaat
2020-01-27 23:20:21,Good
2020-01-27 23:19:18,Kalau mau login susah banget
2020-01-27 12:32:13,Sangat membantu bgt ..
2020-01-26 23:47:56,"Dari Jumat Karin mau masuk ke aplikasi susah banget loading berat akhirnya error...jadi hasilnya kan Tanpa Alasan,,,karena berobat ke Rumah sakit,hari ini Senen juga masih Lola...hadeuh"
2020-01-26 23:38:49,Ok
2020-01-26 16:23:15,Tolong di perbaiki lagi aplikasinya karena masih kesulitan untuk mengakses aplikasi seperti server penuh dan lainnya... Salam satu hati.
2020-01-26 03:22:59,"Gmna ini saya mau bikin cuti dari tg 24 dan nyampe sekarang ga bisa2 masuk,login susah tekadang masuk loading buset di tinggal nyuci piring masi loading bae,klo misal rusak cepet perbaikin lah ini masalah nya absen,bukan nya malah mudahin ko skrng agak ribet ya,sory nih kluhan saya karna kesel uda 3 hari kaya gtu trus."
2020-01-24 22:09:50,Praktis.kapan dan dimana saja administrasi terkontrol.
2020-01-24 18:06:58,Ok
2020-01-23 10:14:05,Alhamdulilah ydah bsa kebuka lagi....setelah beberapa hari ga konek
2020-01-22 01:50:36,"Aplikasinya cukup bagus sangat membntu dan memberikan kemudahan, hanya untuk masuk ke aplikasi terkadang sering sulit, loadingnya terkadang lama... Mungkin kedepannya bisa jauh lebih baik lagi terutama saat masuk lebih enteng dan mudah. Terimakasih... Salam one heart"
2020-01-21 14:12:49,Sering eror dan tidak bisa login.
2020-01-21 05:35:06,"Kenapa 2 hari ini tidak bisa login? selalu muncul ""tidak bisa melakukan autentikasi pengguna external"""
2020-01-20 16:51:09,Grade A
2020-01-20 03:28:51,Ini kenapa sering ga bisa connect ke server sih??perbaikannya mana!!
2020-01-20 01:34:24,"Dear Team Ahm Mobile, Hari ini 20.01.2020 setelah aplikasi di update kenapa ga bisa login? Mohon bantuanya terkait masalah ini Dengan kode error 00013 Terimaksih, semoga cepat ada tindak lanjut terkait masalah ini Salam satu hati"
2020-01-20 00:31:58,"Server ny tolong diperbaiki, mau log in aj susah"
2020-01-19 04:59:36,kenapa login gabisa bisa tolong diperbaiki lagi servernya
2020-01-17 18:35:07,"Susah Login, masih banyak bug... Tolong diperbaiki karena aplikasi ini berkaitan dengan data dan tentunya uang.. munculkan notif di hp user klo habis tap absen agar memudahkan karyawan mengetahui sudah absen.. jadi tidak repot2 buka aplikasi yg login nya aja susah.."
2020-01-15 11:05:01,Bagus
2020-01-14 10:27:26,ğŸ‘ğŸ’–ğŸ’–ğŸ’–ğŸ’–ğŸ’–
2020-01-13 15:09:57,Masih error nih
2020-01-10 00:43:06,Keseringan update dan seringkali susah login
2020-01-10 00:11:20,Oookk
2020-01-09 10:50:59,Gud mamank :v
2020-01-08 12:32:43,Ok
2020-01-08 11:20:10,Kenapa akhir2 ini tidak bisa membuka e-payslip min ?
2020-01-08 09:23:37,Baik
2020-01-08 03:15:14,Jgn keseringan mnt update dong bos
2020-01-08 01:56:35,Mantappp
2020-01-07 03:01:14,Mantap
2020-01-06 12:06:53,Top markotop
2020-01-06 06:52:11,Ok bangeeeet
2020-01-05 16:54:23,baik
2020-01-03 11:19:59,Good
2020-01-03 08:31:57,Ok mantap
2020-01-03 06:07:48,Cucok lah
2020-01-03 00:21:27,Sangat bagus
2020-01-02 22:34:21,Tingkatan fungsi & kecepatan aksesnya
2020-01-02 00:45:58,Kurang
2020-01-01 23:01:39,Salam satu hati
2020-01-01 15:55:07,Mantap sekalii
2020-01-01 12:01:25,Ajib
2020-01-01 04:37:05,Sangat memuaskan
